Node,NumThreads,Load,Algorithm,Time
D,1,96,Algorithm1,0.003024
D,1,96,Algorithm1,0.003013
D,1,96,Algorithm1,0.003010
D,1,96,Algorithm1,0.003047
D,1,96,Algorithm1,0.003045
D,1,96,Algorithm1,0.003002
D,1,96,Algorithm1,0.003090
D,1,96,Algorithm1,0.002976
D,1,96,Algorithm1,0.002979
D,1,96,Algorithm1,0.002974
D,1,96,Algorithm1,0.003003
D,1,96,Algorithm1,0.002995
D,1,96,Algorithm1,0.003003
D,1,96,Algorithm1,0.002983
D,1,96,Algorithm1,0.002988
D,1,96,Algorithm1,0.002989
D,1,96,Algorithm1,0.002984
D,1,96,Algorithm1,0.003004
D,1,96,Algorithm1,0.003041
D,1,96,Algorithm1,0.003101
D,1,96,Algorithm1,0.003012
D,1,96,Algorithm1,0.002996
D,1,96,Algorithm1,0.002979
D,1,96,Algorithm1,0.003079
D,1,96,Algorithm1,0.002995
D,1,96,Algorithm1,0.003059
D,1,96,Algorithm1,0.002995
D,1,96,Algorithm1,0.003014
D,1,96,Algorithm1,0.002989
D,1,96,Algorithm1,0.003018
D,1,96,Algorithm1,0.003027
D,1,96,Algorithm1,0.003015
D,1,96,Algorithm1,0.002998
D,1,96,Algorithm1,0.003031
D,1,96,Algorithm1,0.003055
D,1,96,Algorithm1,0.002973
D,2,96,Algorithm1,0.001571
D,2,96,Algorithm1,0.001650
D,2,96,Algorithm1,0.001571
D,2,96,Algorithm1,0.001566
D,2,96,Algorithm1,0.001550
D,2,96,Algorithm1,0.001534
D,2,96,Algorithm1,0.001595
D,2,96,Algorithm1,0.001562
D,2,96,Algorithm1,0.001594
D,2,96,Algorithm1,0.001554
D,2,96,Algorithm1,0.001556
D,2,96,Algorithm1,0.001535
D,2,96,Algorithm1,0.001571
D,2,96,Algorithm1,0.001538
D,2,96,Algorithm1,0.001564
D,2,96,Algorithm1,0.001540
D,2,96,Algorithm1,0.001565
D,2,96,Algorithm1,0.001535
D,2,96,Algorithm1,0.001605
D,2,96,Algorithm1,0.001585
D,2,96,Algorithm1,0.001571
D,2,96,Algorithm1,0.001577
D,2,96,Algorithm1,0.001624
D,2,96,Algorithm1,0.001553
D,2,96,Algorithm1,0.001567
D,2,96,Algorithm1,0.001541
D,2,96,Algorithm1,0.001618
D,2,96,Algorithm1,0.001522
D,2,96,Algorithm1,0.001566
D,2,96,Algorithm1,0.001633
D,2,96,Algorithm1,0.001595
D,2,96,Algorithm1,0.001558
D,2,96,Algorithm1,0.001579
D,2,96,Algorithm1,0.001589
D,2,96,Algorithm1,0.001531
D,2,96,Algorithm1,0.001563
D,4,96,Algorithm1,0.000876
D,4,96,Algorithm1,0.000853
D,4,96,Algorithm1,0.000844
D,4,96,Algorithm1,0.000856
D,4,96,Algorithm1,0.000892
D,4,96,Algorithm1,0.000870
D,4,96,Algorithm1,0.000860
D,4,96,Algorithm1,0.000843
D,4,96,Algorithm1,0.000846
D,4,96,Algorithm1,0.000889
D,4,96,Algorithm1,0.000861
D,4,96,Algorithm1,0.000948
D,4,96,Algorithm1,0.000866
D,4,96,Algorithm1,0.000859
D,4,96,Algorithm1,0.000866
D,4,96,Algorithm1,0.000849
D,4,96,Algorithm1,0.000832
D,4,96,Algorithm1,0.000873
D,4,96,Algorithm1,0.000859
D,4,96,Algorithm1,0.000850
D,4,96,Algorithm1,0.000906
D,4,96,Algorithm1,0.000840
D,4,96,Algorithm1,0.000849
D,4,96,Algorithm1,0.000865
D,4,96,Algorithm1,0.000844
D,4,96,Algorithm1,0.000847
D,4,96,Algorithm1,0.000836
D,4,96,Algorithm1,0.000849
D,4,96,Algorithm1,0.000829
D,4,96,Algorithm1,0.000859
D,4,96,Algorithm1,0.000847
D,4,96,Algorithm1,0.000870
D,4,96,Algorithm1,0.000859
D,4,96,Algorithm1,0.000927
D,4,96,Algorithm1,0.000852
D,4,96,Algorithm1,0.000858
D,8,96,Algorithm1,0.000823
D,8,96,Algorithm1,0.000744
D,8,96,Algorithm1,0.000738
D,8,96,Algorithm1,0.000683
D,8,96,Algorithm1,0.000635
D,8,96,Algorithm1,0.000740
D,8,96,Algorithm1,0.000766
D,8,96,Algorithm1,0.000734
D,8,96,Algorithm1,0.000706
D,8,96,Algorithm1,0.000681
D,8,96,Algorithm1,0.000595
D,8,96,Algorithm1,0.000600
D,8,96,Algorithm1,0.000775
D,8,96,Algorithm1,0.000711
D,8,96,Algorithm1,0.000666
D,8,96,Algorithm1,0.000666
D,8,96,Algorithm1,0.000630
D,8,96,Algorithm1,0.000701
D,8,96,Algorithm1,0.000670
D,8,96,Algorithm1,0.000655
D,8,96,Algorithm1,0.000645
D,8,96,Algorithm1,0.000688
D,8,96,Algorithm1,0.000614
D,8,96,Algorithm1,0.000666
D,8,96,Algorithm1,0.000602
D,8,96,Algorithm1,0.000687
D,8,96,Algorithm1,0.000661
D,8,96,Algorithm1,0.000620
D,8,96,Algorithm1,0.000659
D,8,96,Algorithm1,0.000744
D,8,96,Algorithm1,0.000733
D,8,96,Algorithm1,0.000663
D,8,96,Algorithm1,0.000684
D,8,96,Algorithm1,0.000685
D,8,96,Algorithm1,0.000695
D,8,96,Algorithm1,0.000641
D,1,96,Algorithm2,0.003063
D,1,96,Algorithm2,0.003073
D,1,96,Algorithm2,0.003151
D,1,96,Algorithm2,0.003066
D,1,96,Algorithm2,0.003060
D,1,96,Algorithm2,0.003073
D,1,96,Algorithm2,0.003012
D,1,96,Algorithm2,0.003010
D,1,96,Algorithm2,0.003100
D,1,96,Algorithm2,0.003033
D,1,96,Algorithm2,0.003015
D,1,96,Algorithm2,0.003069
D,1,96,Algorithm2,0.002996
D,1,96,Algorithm2,0.003041
D,1,96,Algorithm2,0.003039
D,1,96,Algorithm2,0.003067
D,1,96,Algorithm2,0.003113
D,1,96,Algorithm2,0.003047
D,1,96,Algorithm2,0.003068
D,1,96,Algorithm2,0.003002
D,1,96,Algorithm2,0.003016
D,1,96,Algorithm2,0.003004
D,1,96,Algorithm2,0.002994
D,1,96,Algorithm2,0.003047
D,1,96,Algorithm2,0.003018
D,1,96,Algorithm2,0.003049
D,1,96,Algorithm2,0.003023
D,1,96,Algorithm2,0.003002
D,1,96,Algorithm2,0.003030
D,1,96,Algorithm2,0.003016
D,1,96,Algorithm2,0.003020
D,1,96,Algorithm2,0.003087
D,1,96,Algorithm2,0.003014
D,1,96,Algorithm2,0.003081
D,1,96,Algorithm2,0.003041
D,1,96,Algorithm2,0.002997
D,2,96,Algorithm2,0.001559
D,2,96,Algorithm2,0.001571
D,2,96,Algorithm2,0.001579
D,2,96,Algorithm2,0.001582
D,2,96,Algorithm2,0.001569
D,2,96,Algorithm2,0.001561
D,2,96,Algorithm2,0.001581
D,2,96,Algorithm2,0.001583
D,2,96,Algorithm2,0.001566
D,2,96,Algorithm2,0.001629
D,2,96,Algorithm2,0.001617
D,2,96,Algorithm2,0.001588
D,2,96,Algorithm2,0.001567
D,2,96,Algorithm2,0.001582
D,2,96,Algorithm2,0.001614
D,2,96,Algorithm2,0.001613
D,2,96,Algorithm2,0.001554
D,2,96,Algorithm2,0.001578
D,2,96,Algorithm2,0.001565
D,2,96,Algorithm2,0.001563
D,2,96,Algorithm2,0.001561
D,2,96,Algorithm2,0.001640
D,2,96,Algorithm2,0.001581
D,2,96,Algorithm2,0.001527
D,2,96,Algorithm2,0.001575
D,2,96,Algorithm2,0.001619
D,2,96,Algorithm2,0.001564
D,2,96,Algorithm2,0.001577
D,2,96,Algorithm2,0.001595
D,2,96,Algorithm2,0.001564
D,2,96,Algorithm2,0.001581
D,2,96,Algorithm2,0.001592
D,2,96,Algorithm2,0.001581
D,2,96,Algorithm2,0.001561
D,2,96,Algorithm2,0.001543
D,2,96,Algorithm2,0.001610
D,4,96,Algorithm2,0.000880
D,4,96,Algorithm2,0.000844
D,4,96,Algorithm2,0.000881
D,4,96,Algorithm2,0.000834
D,4,96,Algorithm2,0.000894
D,4,96,Algorithm2,0.000832
D,4,96,Algorithm2,0.000853
D,4,96,Algorithm2,0.000837
D,4,96,Algorithm2,0.000847
D,4,96,Algorithm2,0.000855
D,4,96,Algorithm2,0.000854
D,4,96,Algorithm2,0.000861
D,4,96,Algorithm2,0.000865
D,4,96,Algorithm2,0.000849
D,4,96,Algorithm2,0.000850
D,4,96,Algorithm2,0.000856
D,4,96,Algorithm2,0.000848
D,4,96,Algorithm2,0.000861
D,4,96,Algorithm2,0.000859
D,4,96,Algorithm2,0.000853
D,4,96,Algorithm2,0.000867
D,4,96,Algorithm2,0.000870
D,4,96,Algorithm2,0.000873
D,4,96,Algorithm2,0.000840
D,4,96,Algorithm2,0.000856
D,4,96,Algorithm2,0.000840
D,4,96,Algorithm2,0.000842
D,4,96,Algorithm2,0.000839
D,4,96,Algorithm2,0.000834
D,4,96,Algorithm2,0.000847
D,4,96,Algorithm2,0.000949
D,4,96,Algorithm2,0.000854
D,4,96,Algorithm2,0.000863
D,4,96,Algorithm2,0.000860
D,4,96,Algorithm2,0.000821
D,4,96,Algorithm2,0.000866
D,8,96,Algorithm2,0.000827
D,8,96,Algorithm2,0.000665
D,8,96,Algorithm2,0.000726
D,8,96,Algorithm2,0.000705
D,8,96,Algorithm2,0.000658
D,8,96,Algorithm2,0.000597
D,8,96,Algorithm2,0.000682
D,8,96,Algorithm2,0.000664
D,8,96,Algorithm2,0.000617
D,8,96,Algorithm2,0.000632
D,8,96,Algorithm2,0.000606
D,8,96,Algorithm2,0.000610
D,8,96,Algorithm2,0.000603
D,8,96,Algorithm2,0.000682
D,8,96,Algorithm2,0.000705
D,8,96,Algorithm2,0.000719
D,8,96,Algorithm2,0.000754
D,8,96,Algorithm2,0.000708
D,8,96,Algorithm2,0.000763
D,8,96,Algorithm2,0.000712
D,8,96,Algorithm2,0.000661
D,8,96,Algorithm2,0.000615
D,8,96,Algorithm2,0.000674
D,8,96,Algorithm2,0.000686
D,8,96,Algorithm2,0.000663
D,8,96,Algorithm2,0.000595
D,8,96,Algorithm2,0.000641
D,8,96,Algorithm2,0.000640
D,8,96,Algorithm2,0.000716
D,8,96,Algorithm2,0.000621
D,8,96,Algorithm2,0.000694
D,8,96,Algorithm2,0.000663
D,8,96,Algorithm2,0.000607
D,8,96,Algorithm2,0.000646
D,8,96,Algorithm2,0.000601
D,8,96,Algorithm2,0.000630
D,1,96,Algorithm3,0.003203
D,1,96,Algorithm3,0.003195
D,1,96,Algorithm3,0.003203
D,1,96,Algorithm3,0.003497
D,1,96,Algorithm3,0.003513
D,1,96,Algorithm3,0.003347
D,1,96,Algorithm3,0.003349
D,1,96,Algorithm3,0.003407
D,1,96,Algorithm3,0.003405
D,1,96,Algorithm3,0.003487
D,1,96,Algorithm3,0.003472
D,1,96,Algorithm3,0.003407
D,1,96,Algorithm3,0.003530
D,1,96,Algorithm3,0.003582
D,1,96,Algorithm3,0.003451
D,1,96,Algorithm3,0.003374
D,1,96,Algorithm3,0.003451
D,1,96,Algorithm3,0.003417
D,1,96,Algorithm3,0.003463
D,1,96,Algorithm3,0.003414
D,1,96,Algorithm3,0.003226
D,1,96,Algorithm3,0.003224
D,1,96,Algorithm3,0.003561
D,1,96,Algorithm3,0.003459
D,1,96,Algorithm3,0.003425
D,1,96,Algorithm3,0.003356
D,1,96,Algorithm3,0.003361
D,1,96,Algorithm3,0.003518
D,1,96,Algorithm3,0.003403
D,1,96,Algorithm3,0.003467
D,1,96,Algorithm3,0.003586
D,1,96,Algorithm3,0.003345
D,1,96,Algorithm3,0.003377
D,1,96,Algorithm3,0.003384
D,1,96,Algorithm3,0.003672
D,1,96,Algorithm3,0.003481
D,2,96,Algorithm3,0.001886
D,2,96,Algorithm3,0.001956
D,2,96,Algorithm3,0.001864
D,2,96,Algorithm3,0.001651
D,2,96,Algorithm3,0.001802
D,2,96,Algorithm3,0.001673
D,2,96,Algorithm3,0.001834
D,2,96,Algorithm3,0.001730
D,2,96,Algorithm3,0.001702
D,2,96,Algorithm3,0.001631
D,2,96,Algorithm3,0.001787
D,2,96,Algorithm3,0.001734
D,2,96,Algorithm3,0.001680
D,2,96,Algorithm3,0.001659
D,2,96,Algorithm3,0.001763
D,2,96,Algorithm3,0.001730
D,2,96,Algorithm3,0.001769
D,2,96,Algorithm3,0.001885
D,2,96,Algorithm3,0.001649
D,2,96,Algorithm3,0.001872
D,2,96,Algorithm3,0.001779
D,2,96,Algorithm3,0.001665
D,2,96,Algorithm3,0.001862
D,2,96,Algorithm3,0.001797
D,2,96,Algorithm3,0.001643
D,2,96,Algorithm3,0.001654
D,2,96,Algorithm3,0.001919
D,2,96,Algorithm3,0.001847
D,2,96,Algorithm3,0.001782
D,2,96,Algorithm3,0.001788
D,2,96,Algorithm3,0.001852
D,2,96,Algorithm3,0.001679
D,2,96,Algorithm3,0.001813
D,2,96,Algorithm3,0.001699
D,2,96,Algorithm3,0.001780
D,2,96,Algorithm3,0.001729
D,4,96,Algorithm3,0.001012
D,4,96,Algorithm3,0.000991
D,4,96,Algorithm3,0.000929
D,4,96,Algorithm3,0.001007
D,4,96,Algorithm3,0.000932
D,4,96,Algorithm3,0.000967
D,4,96,Algorithm3,0.000879
D,4,96,Algorithm3,0.001020
D,4,96,Algorithm3,0.000913
D,4,96,Algorithm3,0.000950
D,4,96,Algorithm3,0.000987
D,4,96,Algorithm3,0.000896
D,4,96,Algorithm3,0.001021
D,4,96,Algorithm3,0.000965
D,4,96,Algorithm3,0.000939
D,4,96,Algorithm3,0.000892
D,4,96,Algorithm3,0.001012
D,4,96,Algorithm3,0.000882
D,4,96,Algorithm3,0.000960
D,4,96,Algorithm3,0.000925
D,4,96,Algorithm3,0.000959
D,4,96,Algorithm3,0.000891
D,4,96,Algorithm3,0.000938
D,4,96,Algorithm3,0.000957
D,4,96,Algorithm3,0.001081
D,4,96,Algorithm3,0.001017
D,4,96,Algorithm3,0.000948
D,4,96,Algorithm3,0.000990
D,4,96,Algorithm3,0.000936
D,4,96,Algorithm3,0.000933
D,4,96,Algorithm3,0.000905
D,4,96,Algorithm3,0.000877
D,4,96,Algorithm3,0.000906
D,4,96,Algorithm3,0.001031
D,4,96,Algorithm3,0.000988
D,4,96,Algorithm3,0.000935
D,8,96,Algorithm3,0.001242
D,8,96,Algorithm3,0.001027
D,8,96,Algorithm3,0.000921
D,8,96,Algorithm3,0.000887
D,8,96,Algorithm3,0.000927
D,8,96,Algorithm3,0.000956
D,8,96,Algorithm3,0.000902
D,8,96,Algorithm3,0.000869
D,8,96,Algorithm3,0.000940
D,8,96,Algorithm3,0.000863
D,8,96,Algorithm3,0.001103
D,8,96,Algorithm3,0.001110
D,8,96,Algorithm3,0.000909
D,8,96,Algorithm3,0.000957
D,8,96,Algorithm3,0.000911
D,8,96,Algorithm3,0.000885
D,8,96,Algorithm3,0.000887
D,8,96,Algorithm3,0.000860
D,8,96,Algorithm3,0.000807
D,8,96,Algorithm3,0.000781
D,8,96,Algorithm3,0.000982
D,8,96,Algorithm3,0.000914
D,8,96,Algorithm3,0.000920
D,8,96,Algorithm3,0.000792
D,8,96,Algorithm3,0.000887
D,8,96,Algorithm3,0.000841
D,8,96,Algorithm3,0.000827
D,8,96,Algorithm3,0.000801
D,8,96,Algorithm3,0.000786
D,8,96,Algorithm3,0.000797
D,8,96,Algorithm3,0.000926
D,8,96,Algorithm3,0.000937
D,8,96,Algorithm3,0.000982
D,8,96,Algorithm3,0.000854
D,8,96,Algorithm3,0.000834
D,8,96,Algorithm3,0.000886
D,1,200,Algorithm1,0.027445
D,1,200,Algorithm1,0.027423
D,1,200,Algorithm1,0.027349
D,1,200,Algorithm1,0.027533
D,1,200,Algorithm1,0.027376
D,1,200,Algorithm1,0.027266
D,1,200,Algorithm1,0.027392
D,1,200,Algorithm1,0.027291
D,1,200,Algorithm1,0.027266
D,1,200,Algorithm1,0.027303
D,1,200,Algorithm1,0.027279
D,1,200,Algorithm1,0.027508
D,1,200,Algorithm1,0.027354
D,1,200,Algorithm1,0.027461
D,1,200,Algorithm1,0.027286
D,1,200,Algorithm1,0.027201
D,1,200,Algorithm1,0.027300
D,1,200,Algorithm1,0.027254
D,1,200,Algorithm1,0.027289
D,1,200,Algorithm1,0.027257
D,1,200,Algorithm1,0.027273
D,1,200,Algorithm1,0.027231
D,1,200,Algorithm1,0.027189
D,1,200,Algorithm1,0.027244
D,1,200,Algorithm1,0.027209
D,1,200,Algorithm1,0.027266
D,1,200,Algorithm1,0.027283
D,1,200,Algorithm1,0.027469
D,1,200,Algorithm1,0.027287
D,1,200,Algorithm1,0.027426
D,1,200,Algorithm1,0.027282
D,1,200,Algorithm1,0.027356
D,1,200,Algorithm1,0.027303
D,1,200,Algorithm1,0.027359
D,1,200,Algorithm1,0.027225
D,1,200,Algorithm1,0.027294
D,2,200,Algorithm1,0.013659
D,2,200,Algorithm1,0.013858
D,2,200,Algorithm1,0.013736
D,2,200,Algorithm1,0.013817
D,2,200,Algorithm1,0.013826
D,2,200,Algorithm1,0.013833
D,2,200,Algorithm1,0.013711
D,2,200,Algorithm1,0.013659
D,2,200,Algorithm1,0.013823
D,2,200,Algorithm1,0.013759
D,2,200,Algorithm1,0.013737
D,2,200,Algorithm1,0.013685
D,2,200,Algorithm1,0.013646
D,2,200,Algorithm1,0.013712
D,2,200,Algorithm1,0.013720
D,2,200,Algorithm1,0.013675
D,2,200,Algorithm1,0.013849
D,2,200,Algorithm1,0.013731
D,2,200,Algorithm1,0.013789
D,2,200,Algorithm1,0.013725
D,2,200,Algorithm1,0.013707
D,2,200,Algorithm1,0.013695
D,2,200,Algorithm1,0.013723
D,2,200,Algorithm1,0.013739
D,2,200,Algorithm1,0.013712
D,2,200,Algorithm1,0.013814
D,2,200,Algorithm1,0.013642
D,2,200,Algorithm1,0.013637
D,2,200,Algorithm1,0.013691
D,2,200,Algorithm1,0.013750
D,2,200,Algorithm1,0.013770
D,2,200,Algorithm1,0.013718
D,2,200,Algorithm1,0.013810
D,2,200,Algorithm1,0.013819
D,2,200,Algorithm1,0.013818
D,2,200,Algorithm1,0.013852
D,4,200,Algorithm1,0.006944
D,4,200,Algorithm1,0.006943
D,4,200,Algorithm1,0.006969
D,4,200,Algorithm1,0.006951
D,4,200,Algorithm1,0.006962
D,4,200,Algorithm1,0.006982
D,4,200,Algorithm1,0.007008
D,4,200,Algorithm1,0.007005
D,4,200,Algorithm1,0.006955
D,4,200,Algorithm1,0.006964
D,4,200,Algorithm1,0.006971
D,4,200,Algorithm1,0.006970
D,4,200,Algorithm1,0.006932
D,4,200,Algorithm1,0.006964
D,4,200,Algorithm1,0.006940
D,4,200,Algorithm1,0.007057
D,4,200,Algorithm1,0.006991
D,4,200,Algorithm1,0.006954
D,4,200,Algorithm1,0.006993
D,4,200,Algorithm1,0.007030
D,4,200,Algorithm1,0.006935
D,4,200,Algorithm1,0.006953
D,4,200,Algorithm1,0.006975
D,4,200,Algorithm1,0.006988
D,4,200,Algorithm1,0.006975
D,4,200,Algorithm1,0.006921
D,4,200,Algorithm1,0.007023
D,4,200,Algorithm1,0.006998
D,4,200,Algorithm1,0.006938
D,4,200,Algorithm1,0.006979
D,4,200,Algorithm1,0.006973
D,4,200,Algorithm1,0.006965
D,4,200,Algorithm1,0.006981
D,4,200,Algorithm1,0.007021
D,4,200,Algorithm1,0.006969
D,4,200,Algorithm1,0.006990
D,8,200,Algorithm1,0.004926
D,8,200,Algorithm1,0.004837
D,8,200,Algorithm1,0.004508
D,8,200,Algorithm1,0.004289
D,8,200,Algorithm1,0.004422
D,8,200,Algorithm1,0.004384
D,8,200,Algorithm1,0.004722
D,8,200,Algorithm1,0.004382
D,8,200,Algorithm1,0.004272
D,8,200,Algorithm1,0.004431
D,8,200,Algorithm1,0.004436
D,8,200,Algorithm1,0.004487
D,8,200,Algorithm1,0.004290
D,8,200,Algorithm1,0.004550
D,8,200,Algorithm1,0.004288
D,8,200,Algorithm1,0.004584
D,8,200,Algorithm1,0.004307
D,8,200,Algorithm1,0.004411
D,8,200,Algorithm1,0.004523
D,8,200,Algorithm1,0.004450
D,8,200,Algorithm1,0.004212
D,8,200,Algorithm1,0.004415
D,8,200,Algorithm1,0.004440
D,8,200,Algorithm1,0.004544
D,8,200,Algorithm1,0.004361
D,8,200,Algorithm1,0.004367
D,8,200,Algorithm1,0.004521
D,8,200,Algorithm1,0.004350
D,8,200,Algorithm1,0.004419
D,8,200,Algorithm1,0.004358
D,8,200,Algorithm1,0.004462
D,8,200,Algorithm1,0.004437
D,8,200,Algorithm1,0.004504
D,8,200,Algorithm1,0.004454
D,8,200,Algorithm1,0.004294
D,8,200,Algorithm1,0.004325
D,1,200,Algorithm2,0.028151
D,1,200,Algorithm2,0.028053
D,1,200,Algorithm2,0.027972
D,1,200,Algorithm2,0.028115
D,1,200,Algorithm2,0.028018
D,1,200,Algorithm2,0.028072
D,1,200,Algorithm2,0.028018
D,1,200,Algorithm2,0.028013
D,1,200,Algorithm2,0.027993
D,1,200,Algorithm2,0.028252
D,1,200,Algorithm2,0.028050
D,1,200,Algorithm2,0.027991
D,1,200,Algorithm2,0.028129
D,1,200,Algorithm2,0.028071
D,1,200,Algorithm2,0.028038
D,1,200,Algorithm2,0.028193
D,1,200,Algorithm2,0.028007
D,1,200,Algorithm2,0.028237
D,1,200,Algorithm2,0.028040
D,1,200,Algorithm2,0.028198
D,1,200,Algorithm2,0.028177
D,1,200,Algorithm2,0.028236
D,1,200,Algorithm2,0.028466
D,1,200,Algorithm2,0.028166
D,1,200,Algorithm2,0.027994
D,1,200,Algorithm2,0.028355
D,1,200,Algorithm2,0.028074
D,1,200,Algorithm2,0.028106
D,1,200,Algorithm2,0.028156
D,1,200,Algorithm2,0.028103
D,1,200,Algorithm2,0.028222
D,1,200,Algorithm2,0.028229
D,1,200,Algorithm2,0.028263
D,1,200,Algorithm2,0.028253
D,1,200,Algorithm2,0.027544
D,1,200,Algorithm2,0.028192
D,2,200,Algorithm2,0.014069
D,2,200,Algorithm2,0.014091
D,2,200,Algorithm2,0.014065
D,2,200,Algorithm2,0.014088
D,2,200,Algorithm2,0.014091
D,2,200,Algorithm2,0.014091
D,2,200,Algorithm2,0.014127
D,2,200,Algorithm2,0.014204
D,2,200,Algorithm2,0.014134
D,2,200,Algorithm2,0.014065
D,2,200,Algorithm2,0.014046
D,2,200,Algorithm2,0.014168
D,2,200,Algorithm2,0.014162
D,2,200,Algorithm2,0.014082
D,2,200,Algorithm2,0.014175
D,2,200,Algorithm2,0.014087
D,2,200,Algorithm2,0.014118
D,2,200,Algorithm2,0.014176
D,2,200,Algorithm2,0.014117
D,2,200,Algorithm2,0.014186
D,2,200,Algorithm2,0.014042
D,2,200,Algorithm2,0.014141
D,2,200,Algorithm2,0.014126
D,2,200,Algorithm2,0.014112
D,2,200,Algorithm2,0.014137
D,2,200,Algorithm2,0.014054
D,2,200,Algorithm2,0.014187
D,2,200,Algorithm2,0.014060
D,2,200,Algorithm2,0.014028
D,2,200,Algorithm2,0.014092
D,2,200,Algorithm2,0.014100
D,2,200,Algorithm2,0.014050
D,2,200,Algorithm2,0.014036
D,2,200,Algorithm2,0.014050
D,2,200,Algorithm2,0.014080
D,2,200,Algorithm2,0.014056
D,4,200,Algorithm2,0.007138
D,4,200,Algorithm2,0.007191
D,4,200,Algorithm2,0.007179
D,4,200,Algorithm2,0.007098
D,4,200,Algorithm2,0.007146
D,4,200,Algorithm2,0.007117
D,4,200,Algorithm2,0.007236
D,4,200,Algorithm2,0.007080
D,4,200,Algorithm2,0.007111
D,4,200,Algorithm2,0.007103
D,4,200,Algorithm2,0.007127
D,4,200,Algorithm2,0.007052
D,4,200,Algorithm2,0.007119
D,4,200,Algorithm2,0.007087
D,4,200,Algorithm2,0.007119
D,4,200,Algorithm2,0.007103
D,4,200,Algorithm2,0.007163
D,4,200,Algorithm2,0.007133
D,4,200,Algorithm2,0.007084
D,4,200,Algorithm2,0.007092
D,4,200,Algorithm2,0.007129
D,4,200,Algorithm2,0.007074
D,4,200,Algorithm2,0.007094
D,4,200,Algorithm2,0.007117
D,4,200,Algorithm2,0.007101
D,4,200,Algorithm2,0.007091
D,4,200,Algorithm2,0.007126
D,4,200,Algorithm2,0.007118
D,4,200,Algorithm2,0.007116
D,4,200,Algorithm2,0.007219
D,4,200,Algorithm2,0.007221
D,4,200,Algorithm2,0.007175
D,4,200,Algorithm2,0.007177
D,4,200,Algorithm2,0.007203
D,4,200,Algorithm2,0.007182
D,4,200,Algorithm2,0.007247
D,8,200,Algorithm2,0.004530
D,8,200,Algorithm2,0.004378
D,8,200,Algorithm2,0.004532
D,8,200,Algorithm2,0.004460
D,8,200,Algorithm2,0.004346
D,8,200,Algorithm2,0.004416
D,8,200,Algorithm2,0.004472
D,8,200,Algorithm2,0.004500
D,8,200,Algorithm2,0.004581
D,8,200,Algorithm2,0.004295
D,8,200,Algorithm2,0.004401
D,8,200,Algorithm2,0.004271
D,8,200,Algorithm2,0.004269
D,8,200,Algorithm2,0.004922
D,8,200,Algorithm2,0.004446
D,8,200,Algorithm2,0.004344
D,8,200,Algorithm2,0.004215
D,8,200,Algorithm2,0.004389
D,8,200,Algorithm2,0.004359
D,8,200,Algorithm2,0.004407
D,8,200,Algorithm2,0.004444
D,8,200,Algorithm2,0.004383
D,8,200,Algorithm2,0.004336
D,8,200,Algorithm2,0.004124
D,8,200,Algorithm2,0.004291
D,8,200,Algorithm2,0.004290
D,8,200,Algorithm2,0.004272
D,8,200,Algorithm2,0.004239
D,8,200,Algorithm2,0.004316
D,8,200,Algorithm2,0.004219
D,8,200,Algorithm2,0.004172
D,8,200,Algorithm2,0.004058
D,8,200,Algorithm2,0.004379
D,8,200,Algorithm2,0.004214
D,8,200,Algorithm2,0.004289
D,8,200,Algorithm2,0.004266
D,1,200,Algorithm3,0.028101
D,1,200,Algorithm3,0.028526
D,1,200,Algorithm3,0.028458
D,1,200,Algorithm3,0.028426
D,1,200,Algorithm3,0.028623
D,1,200,Algorithm3,0.028299
D,1,200,Algorithm3,0.028584
D,1,200,Algorithm3,0.028675
D,1,200,Algorithm3,0.028483
D,1,200,Algorithm3,0.028489
D,1,200,Algorithm3,0.028735
D,1,200,Algorithm3,0.028400
D,1,200,Algorithm3,0.028360
D,1,200,Algorithm3,0.028346
D,1,200,Algorithm3,0.028663
D,1,200,Algorithm3,0.028497
D,1,200,Algorithm3,0.028855
D,1,200,Algorithm3,0.028367
D,1,200,Algorithm3,0.028856
D,1,200,Algorithm3,0.028861
D,1,200,Algorithm3,0.028583
D,1,200,Algorithm3,0.028441
D,1,200,Algorithm3,0.028491
D,1,200,Algorithm3,0.028603
D,1,200,Algorithm3,0.028611
D,1,200,Algorithm3,0.028745
D,1,200,Algorithm3,0.028409
D,1,200,Algorithm3,0.028814
D,1,200,Algorithm3,0.028359
D,1,200,Algorithm3,0.028455
D,1,200,Algorithm3,0.028483
D,1,200,Algorithm3,0.028472
D,1,200,Algorithm3,0.028951
D,1,200,Algorithm3,0.028559
D,1,200,Algorithm3,0.028400
D,1,200,Algorithm3,0.028426
D,2,200,Algorithm3,0.014370
D,2,200,Algorithm3,0.014348
D,2,200,Algorithm3,0.014456
D,2,200,Algorithm3,0.014454
D,2,200,Algorithm3,0.014440
D,2,200,Algorithm3,0.014410
D,2,200,Algorithm3,0.014301
D,2,200,Algorithm3,0.014588
D,2,200,Algorithm3,0.014655
D,2,200,Algorithm3,0.014543
D,2,200,Algorithm3,0.014543
D,2,200,Algorithm3,0.014297
D,2,200,Algorithm3,0.014612
D,2,200,Algorithm3,0.014444
D,2,200,Algorithm3,0.014438
D,2,200,Algorithm3,0.014476
D,2,200,Algorithm3,0.014493
D,2,200,Algorithm3,0.014411
D,2,200,Algorithm3,0.014265
D,2,200,Algorithm3,0.014366
D,2,200,Algorithm3,0.014455
D,2,200,Algorithm3,0.014390
D,2,200,Algorithm3,0.014481
D,2,200,Algorithm3,0.014476
D,2,200,Algorithm3,0.014348
D,2,200,Algorithm3,0.014259
D,2,200,Algorithm3,0.014401
D,2,200,Algorithm3,0.014626
D,2,200,Algorithm3,0.014705
D,2,200,Algorithm3,0.014408
D,2,200,Algorithm3,0.014455
D,2,200,Algorithm3,0.014361
D,2,200,Algorithm3,0.014531
D,2,200,Algorithm3,0.014353
D,2,200,Algorithm3,0.014521
D,2,200,Algorithm3,0.014439
D,4,200,Algorithm3,0.008600
D,4,200,Algorithm3,0.008335
D,4,200,Algorithm3,0.007888
D,4,200,Algorithm3,0.007686
D,4,200,Algorithm3,0.007962
D,4,200,Algorithm3,0.007396
D,4,200,Algorithm3,0.007609
D,4,200,Algorithm3,0.007556
D,4,200,Algorithm3,0.007551
D,4,200,Algorithm3,0.007567
D,4,200,Algorithm3,0.007687
D,4,200,Algorithm3,0.007775
D,4,200,Algorithm3,0.007571
D,4,200,Algorithm3,0.007462
D,4,200,Algorithm3,0.007662
D,4,200,Algorithm3,0.007465
D,4,200,Algorithm3,0.007557
D,4,200,Algorithm3,0.007411
D,4,200,Algorithm3,0.007621
D,4,200,Algorithm3,0.007567
D,4,200,Algorithm3,0.007430
D,4,200,Algorithm3,0.007527
D,4,200,Algorithm3,0.007459
D,4,200,Algorithm3,0.007263
D,4,200,Algorithm3,0.007491
D,4,200,Algorithm3,0.007523
D,4,200,Algorithm3,0.007396
D,4,200,Algorithm3,0.007464
D,4,200,Algorithm3,0.007438
D,4,200,Algorithm3,0.007454
D,4,200,Algorithm3,0.007367
D,4,200,Algorithm3,0.007470
D,4,200,Algorithm3,0.007463
D,4,200,Algorithm3,0.007540
D,4,200,Algorithm3,0.007584
D,4,200,Algorithm3,0.007463
D,8,200,Algorithm3,0.006906
D,8,200,Algorithm3,0.006103
D,8,200,Algorithm3,0.006380
D,8,200,Algorithm3,0.006159
D,8,200,Algorithm3,0.006109
D,8,200,Algorithm3,0.006110
D,8,200,Algorithm3,0.006001
D,8,200,Algorithm3,0.006066
D,8,200,Algorithm3,0.006210
D,8,200,Algorithm3,0.005911
D,8,200,Algorithm3,0.006141
D,8,200,Algorithm3,0.006122
D,8,200,Algorithm3,0.006075
D,8,200,Algorithm3,0.005900
D,8,200,Algorithm3,0.006083
D,8,200,Algorithm3,0.006165
D,8,200,Algorithm3,0.006048
D,8,200,Algorithm3,0.005913
D,8,200,Algorithm3,0.006001
D,8,200,Algorithm3,0.006162
D,8,200,Algorithm3,0.006129
D,8,200,Algorithm3,0.006049
D,8,200,Algorithm3,0.005986
D,8,200,Algorithm3,0.006017
D,8,200,Algorithm3,0.006139
D,8,200,Algorithm3,0.006067
D,8,200,Algorithm3,0.005973
D,8,200,Algorithm3,0.006060
D,8,200,Algorithm3,0.005925
D,8,200,Algorithm3,0.006047
D,8,200,Algorithm3,0.006130
D,8,200,Algorithm3,0.006166
D,8,200,Algorithm3,0.006136
D,8,200,Algorithm3,0.006079
D,8,200,Algorithm3,0.005949
D,8,200,Algorithm3,0.006155
D,1,400,Algorithm1,0.219197
D,1,400,Algorithm1,0.219379
D,1,400,Algorithm1,0.220283
D,1,400,Algorithm1,0.219253
D,1,400,Algorithm1,0.218788
D,1,400,Algorithm1,0.218946
D,1,400,Algorithm1,0.219174
D,1,400,Algorithm1,0.218836
D,1,400,Algorithm1,0.221514
D,1,400,Algorithm1,0.220718
D,1,400,Algorithm1,0.220366
D,1,400,Algorithm1,0.220009
D,1,400,Algorithm1,0.219319
D,1,400,Algorithm1,0.219245
D,1,400,Algorithm1,0.219079
D,1,400,Algorithm1,0.219689
D,1,400,Algorithm1,0.218994
D,1,400,Algorithm1,0.221357
D,1,400,Algorithm1,0.219091
D,1,400,Algorithm1,0.220391
D,1,400,Algorithm1,0.221320
D,1,400,Algorithm1,0.220145
D,1,400,Algorithm1,0.219479
D,1,400,Algorithm1,0.219091
D,1,400,Algorithm1,0.220475
D,1,400,Algorithm1,0.220699
D,1,400,Algorithm1,0.219528
D,1,400,Algorithm1,0.220444
D,1,400,Algorithm1,0.221780
D,1,400,Algorithm1,0.219682
D,1,400,Algorithm1,0.221636
D,1,400,Algorithm1,0.221392
D,1,400,Algorithm1,0.219501
D,1,400,Algorithm1,0.219499
D,1,400,Algorithm1,0.222994
D,1,400,Algorithm1,0.219663
D,2,400,Algorithm1,0.111139
D,2,400,Algorithm1,0.110724
D,2,400,Algorithm1,0.110189
D,2,400,Algorithm1,0.110873
D,2,400,Algorithm1,0.111965
D,2,400,Algorithm1,0.111664
D,2,400,Algorithm1,0.111085
D,2,400,Algorithm1,0.110611
D,2,400,Algorithm1,0.111485
D,2,400,Algorithm1,0.111804
D,2,400,Algorithm1,0.110612
D,2,400,Algorithm1,0.113873
D,2,400,Algorithm1,0.111574
D,2,400,Algorithm1,0.111185
D,2,400,Algorithm1,0.111152
D,2,400,Algorithm1,0.111380
D,2,400,Algorithm1,0.112877
D,2,400,Algorithm1,0.110367
D,2,400,Algorithm1,0.110795
D,2,400,Algorithm1,0.110482
D,2,400,Algorithm1,0.111082
D,2,400,Algorithm1,0.110296
D,2,400,Algorithm1,0.111852
D,2,400,Algorithm1,0.110800
D,2,400,Algorithm1,0.111904
D,2,400,Algorithm1,0.122570
D,2,400,Algorithm1,0.110787
D,2,400,Algorithm1,0.111529
D,2,400,Algorithm1,0.111775
D,2,400,Algorithm1,0.110358
D,2,400,Algorithm1,0.111859
D,2,400,Algorithm1,0.110716
D,2,400,Algorithm1,0.111043
D,2,400,Algorithm1,0.110342
D,2,400,Algorithm1,0.111431
D,2,400,Algorithm1,0.110760
D,4,400,Algorithm1,0.055539
D,4,400,Algorithm1,0.056543
D,4,400,Algorithm1,0.056063
D,4,400,Algorithm1,0.056087
D,4,400,Algorithm1,0.056619
D,4,400,Algorithm1,0.055906
D,4,400,Algorithm1,0.056300
D,4,400,Algorithm1,0.056257
D,4,400,Algorithm1,0.056197
D,4,400,Algorithm1,0.056144
D,4,400,Algorithm1,0.056227
D,4,400,Algorithm1,0.056364
D,4,400,Algorithm1,0.055688
D,4,400,Algorithm1,0.056519
D,4,400,Algorithm1,0.056330
D,4,400,Algorithm1,0.056521
D,4,400,Algorithm1,0.055905
D,4,400,Algorithm1,0.055902
D,4,400,Algorithm1,0.056390
D,4,400,Algorithm1,0.056292
D,4,400,Algorithm1,0.056262
D,4,400,Algorithm1,0.056251
D,4,400,Algorithm1,0.055922
D,4,400,Algorithm1,0.056281
D,4,400,Algorithm1,0.055790
D,4,400,Algorithm1,0.055615
D,4,400,Algorithm1,0.056114
D,4,400,Algorithm1,0.056211
D,4,400,Algorithm1,0.056236
D,4,400,Algorithm1,0.056424
D,4,400,Algorithm1,0.055979
D,4,400,Algorithm1,0.055703
D,4,400,Algorithm1,0.056119
D,4,400,Algorithm1,0.057221
D,4,400,Algorithm1,0.056462
D,4,400,Algorithm1,0.056078
D,8,400,Algorithm1,0.033224
D,8,400,Algorithm1,0.033302
D,8,400,Algorithm1,0.032841
D,8,400,Algorithm1,0.035825
D,8,400,Algorithm1,0.033148
D,8,400,Algorithm1,0.032576
D,8,400,Algorithm1,0.032816
D,8,400,Algorithm1,0.032829
D,8,400,Algorithm1,0.032753
D,8,400,Algorithm1,0.032980
D,8,400,Algorithm1,0.032216
D,8,400,Algorithm1,0.032861
D,8,400,Algorithm1,0.033115
D,8,400,Algorithm1,0.032520
D,8,400,Algorithm1,0.032926
D,8,400,Algorithm1,0.032972
D,8,400,Algorithm1,0.032950
D,8,400,Algorithm1,0.033022
D,8,400,Algorithm1,0.033039
D,8,400,Algorithm1,0.032867
D,8,400,Algorithm1,0.032986
D,8,400,Algorithm1,0.033301
D,8,400,Algorithm1,0.032779
D,8,400,Algorithm1,0.032440
D,8,400,Algorithm1,0.033002
D,8,400,Algorithm1,0.033250
D,8,400,Algorithm1,0.032743
D,8,400,Algorithm1,0.032997
D,8,400,Algorithm1,0.032688
D,8,400,Algorithm1,0.033014
D,8,400,Algorithm1,0.033215
D,8,400,Algorithm1,0.032988
D,8,400,Algorithm1,0.033008
D,8,400,Algorithm1,0.032910
D,8,400,Algorithm1,0.032361
D,8,400,Algorithm1,0.032885
D,1,400,Algorithm2,0.226276
D,1,400,Algorithm2,0.225951
D,1,400,Algorithm2,0.226147
D,1,400,Algorithm2,0.226039
D,1,400,Algorithm2,0.226034
D,1,400,Algorithm2,0.225109
D,1,400,Algorithm2,0.224349
D,1,400,Algorithm2,0.226311
D,1,400,Algorithm2,0.222643
D,1,400,Algorithm2,0.225309
D,1,400,Algorithm2,0.226691
D,1,400,Algorithm2,0.226071
D,1,400,Algorithm2,0.225888
D,1,400,Algorithm2,0.223688
D,1,400,Algorithm2,0.225975
D,1,400,Algorithm2,0.226031
D,1,400,Algorithm2,0.223992
D,1,400,Algorithm2,0.222483
D,1,400,Algorithm2,0.224368
D,1,400,Algorithm2,0.224651
D,1,400,Algorithm2,0.226074
D,1,400,Algorithm2,0.226126
D,1,400,Algorithm2,0.226396
D,1,400,Algorithm2,0.225748
D,1,400,Algorithm2,0.251258
D,1,400,Algorithm2,0.226105
D,1,400,Algorithm2,0.223384
D,1,400,Algorithm2,0.225687
D,1,400,Algorithm2,0.225750
D,1,400,Algorithm2,0.225955
D,1,400,Algorithm2,0.223908
D,1,400,Algorithm2,0.225762
D,1,400,Algorithm2,0.222657
D,1,400,Algorithm2,0.226184
D,1,400,Algorithm2,0.225899
D,1,400,Algorithm2,0.225870
D,2,400,Algorithm2,0.113167
D,2,400,Algorithm2,0.113292
D,2,400,Algorithm2,0.113176
D,2,400,Algorithm2,0.113248
D,2,400,Algorithm2,0.113113
D,2,400,Algorithm2,0.113189
D,2,400,Algorithm2,0.113245
D,2,400,Algorithm2,0.113009
D,2,400,Algorithm2,0.112991
D,2,400,Algorithm2,0.113141
D,2,400,Algorithm2,0.112805
D,2,400,Algorithm2,0.135999
D,2,400,Algorithm2,0.113640
D,2,400,Algorithm2,0.112933
D,2,400,Algorithm2,0.113124
D,2,400,Algorithm2,0.113177
D,2,400,Algorithm2,0.112994
D,2,400,Algorithm2,0.113181
D,2,400,Algorithm2,0.113088
D,2,400,Algorithm2,0.113042
D,2,400,Algorithm2,0.113174
D,2,400,Algorithm2,0.113307
D,2,400,Algorithm2,0.113086
D,2,400,Algorithm2,0.113455
D,2,400,Algorithm2,0.113207
D,2,400,Algorithm2,0.113492
D,2,400,Algorithm2,0.113346
D,2,400,Algorithm2,0.113058
D,2,400,Algorithm2,0.112935
D,2,400,Algorithm2,0.113029
D,2,400,Algorithm2,0.113379
D,2,400,Algorithm2,0.113007
D,2,400,Algorithm2,0.115701
D,2,400,Algorithm2,0.112860
D,2,400,Algorithm2,0.112940
D,2,400,Algorithm2,0.113094
D,4,400,Algorithm2,0.056810
D,4,400,Algorithm2,0.056586
D,4,400,Algorithm2,0.056653
D,4,400,Algorithm2,0.056732
D,4,400,Algorithm2,0.056574
D,4,400,Algorithm2,0.056925
D,4,400,Algorithm2,0.056635
D,4,400,Algorithm2,0.056879
D,4,400,Algorithm2,0.056600
D,4,400,Algorithm2,0.056948
D,4,400,Algorithm2,0.056704
D,4,400,Algorithm2,0.056826
D,4,400,Algorithm2,0.057015
D,4,400,Algorithm2,0.056902
D,4,400,Algorithm2,0.056863
D,4,400,Algorithm2,0.057279
D,4,400,Algorithm2,0.057117
D,4,400,Algorithm2,0.057052
D,4,400,Algorithm2,0.056885
D,4,400,Algorithm2,0.056748
D,4,400,Algorithm2,0.056806
D,4,400,Algorithm2,0.056765
D,4,400,Algorithm2,0.056818
D,4,400,Algorithm2,0.057109
D,4,400,Algorithm2,0.056914
D,4,400,Algorithm2,0.056784
D,4,400,Algorithm2,0.057000
D,4,400,Algorithm2,0.056889
D,4,400,Algorithm2,0.056809
D,4,400,Algorithm2,0.056891
D,4,400,Algorithm2,0.056939
D,4,400,Algorithm2,0.056956
D,4,400,Algorithm2,0.057012
D,4,400,Algorithm2,0.056977
D,4,400,Algorithm2,0.056874
D,4,400,Algorithm2,0.056947
D,8,400,Algorithm2,0.031244
D,8,400,Algorithm2,0.031292
D,8,400,Algorithm2,0.031672
D,8,400,Algorithm2,0.032168
D,8,400,Algorithm2,0.031563
D,8,400,Algorithm2,0.031656
D,8,400,Algorithm2,0.031076
D,8,400,Algorithm2,0.031302
D,8,400,Algorithm2,0.031910
D,8,400,Algorithm2,0.032003
D,8,400,Algorithm2,0.031986
D,8,400,Algorithm2,0.031834
D,8,400,Algorithm2,0.031629
D,8,400,Algorithm2,0.031600
D,8,400,Algorithm2,0.031245
D,8,400,Algorithm2,0.032167
D,8,400,Algorithm2,0.031723
D,8,400,Algorithm2,0.031663
D,8,400,Algorithm2,0.032047
D,8,400,Algorithm2,0.031705
D,8,400,Algorithm2,0.031888
D,8,400,Algorithm2,0.031590
D,8,400,Algorithm2,0.031731
D,8,400,Algorithm2,0.031149
D,8,400,Algorithm2,0.031729
D,8,400,Algorithm2,0.031790
D,8,400,Algorithm2,0.031090
D,8,400,Algorithm2,0.031834
D,8,400,Algorithm2,0.031915
D,8,400,Algorithm2,0.032117
D,8,400,Algorithm2,0.031187
D,8,400,Algorithm2,0.033623
D,8,400,Algorithm2,0.031703
D,8,400,Algorithm2,0.032132
D,8,400,Algorithm2,0.032215
D,8,400,Algorithm2,0.031870
D,1,400,Algorithm3,0.225924
D,1,400,Algorithm3,0.224718
D,1,400,Algorithm3,0.226566
D,1,400,Algorithm3,0.224667
D,1,400,Algorithm3,0.224195
D,1,400,Algorithm3,0.224231
D,1,400,Algorithm3,0.224637
D,1,400,Algorithm3,0.223995
D,1,400,Algorithm3,0.223773
D,1,400,Algorithm3,0.224090
D,1,400,Algorithm3,0.225883
D,1,400,Algorithm3,0.224819
D,1,400,Algorithm3,0.224370
D,1,400,Algorithm3,0.224609
D,1,400,Algorithm3,0.224501
D,1,400,Algorithm3,0.224675
D,1,400,Algorithm3,0.225856
D,1,400,Algorithm3,0.224330
D,1,400,Algorithm3,0.224391
D,1,400,Algorithm3,0.226918
D,1,400,Algorithm3,0.227145
D,1,400,Algorithm3,0.224435
D,1,400,Algorithm3,0.224328
D,1,400,Algorithm3,0.225960
D,1,400,Algorithm3,0.223931
D,1,400,Algorithm3,0.224372
D,1,400,Algorithm3,0.226229
D,1,400,Algorithm3,0.224815
D,1,400,Algorithm3,0.224393
D,1,400,Algorithm3,0.224717
D,1,400,Algorithm3,0.224986
D,1,400,Algorithm3,0.225309
D,1,400,Algorithm3,0.224800
D,1,400,Algorithm3,0.224916
D,1,400,Algorithm3,0.224279
D,1,400,Algorithm3,0.224250
D,2,400,Algorithm3,0.112658
D,2,400,Algorithm3,0.112853
D,2,400,Algorithm3,0.112462
D,2,400,Algorithm3,0.112963
D,2,400,Algorithm3,0.113042
D,2,400,Algorithm3,0.113795
D,2,400,Algorithm3,0.113713
D,2,400,Algorithm3,0.113112
D,2,400,Algorithm3,0.113551
D,2,400,Algorithm3,0.112540
D,2,400,Algorithm3,0.112519
D,2,400,Algorithm3,0.112393
D,2,400,Algorithm3,0.112731
D,2,400,Algorithm3,0.112668
D,2,400,Algorithm3,0.112709
D,2,400,Algorithm3,0.113121
D,2,400,Algorithm3,0.112839
D,2,400,Algorithm3,0.112431
D,2,400,Algorithm3,0.112725
D,2,400,Algorithm3,0.112668
D,2,400,Algorithm3,0.112975
D,2,400,Algorithm3,0.113232
D,2,400,Algorithm3,0.112985
D,2,400,Algorithm3,0.112932
D,2,400,Algorithm3,0.113597
D,2,400,Algorithm3,0.112760
D,2,400,Algorithm3,0.112568
D,2,400,Algorithm3,0.112723
D,2,400,Algorithm3,0.112853
D,2,400,Algorithm3,0.112801
D,2,400,Algorithm3,0.112861
D,2,400,Algorithm3,0.112720
D,2,400,Algorithm3,0.112856
D,2,400,Algorithm3,0.112609
D,2,400,Algorithm3,0.112580
D,2,400,Algorithm3,0.113010
D,4,400,Algorithm3,0.056793
D,4,400,Algorithm3,0.056917
D,4,400,Algorithm3,0.056920
D,4,400,Algorithm3,0.056830
D,4,400,Algorithm3,0.057134
D,4,400,Algorithm3,0.057359
D,4,400,Algorithm3,0.057152
D,4,400,Algorithm3,0.057858
D,4,400,Algorithm3,0.056906
D,4,400,Algorithm3,0.056837
D,4,400,Algorithm3,0.056922
D,4,400,Algorithm3,0.056715
D,4,400,Algorithm3,0.057005
D,4,400,Algorithm3,0.056898
D,4,400,Algorithm3,0.056944
D,4,400,Algorithm3,0.057198
D,4,400,Algorithm3,0.057065
D,4,400,Algorithm3,0.056855
D,4,400,Algorithm3,0.057004
D,4,400,Algorithm3,0.056817
D,4,400,Algorithm3,0.056865
D,4,400,Algorithm3,0.056889
D,4,400,Algorithm3,0.056822
D,4,400,Algorithm3,0.056759
D,4,400,Algorithm3,0.057055
D,4,400,Algorithm3,0.056993
D,4,400,Algorithm3,0.056983
D,4,400,Algorithm3,0.057081
D,4,400,Algorithm3,0.057307
D,4,400,Algorithm3,0.057272
D,4,400,Algorithm3,0.057118
D,4,400,Algorithm3,0.057021
D,4,400,Algorithm3,0.057208
D,4,400,Algorithm3,0.057487
D,4,400,Algorithm3,0.057114
D,4,400,Algorithm3,0.057088
D,8,400,Algorithm3,0.043565
D,8,400,Algorithm3,0.044391
D,8,400,Algorithm3,0.044089
D,8,400,Algorithm3,0.044788
D,8,400,Algorithm3,0.044121
D,8,400,Algorithm3,0.043833
D,8,400,Algorithm3,0.044450
D,8,400,Algorithm3,0.044235
D,8,400,Algorithm3,0.044493
D,8,400,Algorithm3,0.044488
D,8,400,Algorithm3,0.044172
D,8,400,Algorithm3,0.044279
D,8,400,Algorithm3,0.044450
D,8,400,Algorithm3,0.044390
D,8,400,Algorithm3,0.044425
D,8,400,Algorithm3,0.044390
D,8,400,Algorithm3,0.044300
D,8,400,Algorithm3,0.044341
D,8,400,Algorithm3,0.044231
D,8,400,Algorithm3,0.044675
D,8,400,Algorithm3,0.043829
D,8,400,Algorithm3,0.043971
D,8,400,Algorithm3,0.044451
D,8,400,Algorithm3,0.044775
D,8,400,Algorithm3,0.044269
D,8,400,Algorithm3,0.044617
D,8,400,Algorithm3,0.044438
D,8,400,Algorithm3,0.044755
D,8,400,Algorithm3,0.044436
D,8,400,Algorithm3,0.044495
D,8,400,Algorithm3,0.044414
D,8,400,Algorithm3,0.044645
D,8,400,Algorithm3,0.044272
D,8,400,Algorithm3,0.044519
D,8,400,Algorithm3,0.044663
D,8,400,Algorithm3,0.044609
D,1,800,Algorithm1,1.754622
D,1,800,Algorithm1,1.754726
D,1,800,Algorithm1,1.761844
D,1,800,Algorithm1,1.764287
D,1,800,Algorithm1,1.779105
D,1,800,Algorithm1,1.768598
D,1,800,Algorithm1,1.778227
D,1,800,Algorithm1,1.793223
D,1,800,Algorithm1,1.757069
D,1,800,Algorithm1,1.780620
D,1,800,Algorithm1,1.777939
D,1,800,Algorithm1,1.754083
D,1,800,Algorithm1,1.758308
D,1,800,Algorithm1,1.764611
D,1,800,Algorithm1,1.772685
D,1,800,Algorithm1,1.757623
D,1,800,Algorithm1,1.767138
D,1,800,Algorithm1,1.755381
D,1,800,Algorithm1,1.771366
D,1,800,Algorithm1,1.779763
D,1,800,Algorithm1,1.803854
D,1,800,Algorithm1,1.770772
D,1,800,Algorithm1,1.783337
D,1,800,Algorithm1,1.765012
D,1,800,Algorithm1,1.767198
D,1,800,Algorithm1,1.780347
D,1,800,Algorithm1,1.786824
D,1,800,Algorithm1,1.758021
D,1,800,Algorithm1,1.790203
D,1,800,Algorithm1,1.759341
D,1,800,Algorithm1,1.757101
D,1,800,Algorithm1,1.775381
D,1,800,Algorithm1,1.769588
D,1,800,Algorithm1,1.774490
D,1,800,Algorithm1,1.763153
D,1,800,Algorithm1,1.768044
D,2,800,Algorithm1,0.940565
D,2,800,Algorithm1,0.884773
D,2,800,Algorithm1,0.889788
D,2,800,Algorithm1,0.893484
D,2,800,Algorithm1,0.890927
D,2,800,Algorithm1,0.892954
D,2,800,Algorithm1,0.896133
D,2,800,Algorithm1,0.889379
D,2,800,Algorithm1,0.890965
D,2,800,Algorithm1,0.885665
D,2,800,Algorithm1,0.893602
D,2,800,Algorithm1,0.887450
D,2,800,Algorithm1,0.878446
D,2,800,Algorithm1,0.887679
D,2,800,Algorithm1,0.883060
D,2,800,Algorithm1,0.890971
D,2,800,Algorithm1,0.884225
D,2,800,Algorithm1,0.906936
D,2,800,Algorithm1,0.884180
D,2,800,Algorithm1,0.889221
D,2,800,Algorithm1,0.881837
D,2,800,Algorithm1,0.880308
D,2,800,Algorithm1,0.878086
D,2,800,Algorithm1,0.884037
D,2,800,Algorithm1,0.892537
D,2,800,Algorithm1,0.886845
D,2,800,Algorithm1,0.896232
D,2,800,Algorithm1,0.890338
D,2,800,Algorithm1,0.889357
D,2,800,Algorithm1,0.879372
D,2,800,Algorithm1,0.962435
D,2,800,Algorithm1,0.888609
D,2,800,Algorithm1,0.891308
D,2,800,Algorithm1,0.893898
D,2,800,Algorithm1,0.900389
D,2,800,Algorithm1,0.884371
D,4,800,Algorithm1,0.451569
D,4,800,Algorithm1,0.444460
D,4,800,Algorithm1,0.469696
D,4,800,Algorithm1,0.445991
D,4,800,Algorithm1,0.444531
D,4,800,Algorithm1,0.454680
D,4,800,Algorithm1,0.449067
D,4,800,Algorithm1,0.449737
D,4,800,Algorithm1,0.447605
D,4,800,Algorithm1,0.446719
D,4,800,Algorithm1,0.445524
D,4,800,Algorithm1,0.446430
D,4,800,Algorithm1,0.448218
D,4,800,Algorithm1,0.454069
D,4,800,Algorithm1,0.452443
D,4,800,Algorithm1,0.454264
D,4,800,Algorithm1,0.461297
D,4,800,Algorithm1,0.452226
D,4,800,Algorithm1,0.499936
D,4,800,Algorithm1,0.447106
D,4,800,Algorithm1,0.457109
D,4,800,Algorithm1,0.452801
D,4,800,Algorithm1,0.448090
D,4,800,Algorithm1,0.480911
D,4,800,Algorithm1,0.451103
D,4,800,Algorithm1,0.448926
D,4,800,Algorithm1,0.450138
D,4,800,Algorithm1,0.450044
D,4,800,Algorithm1,0.452348
D,4,800,Algorithm1,0.451811
D,4,800,Algorithm1,0.446624
D,4,800,Algorithm1,0.474518
D,4,800,Algorithm1,0.478986
D,4,800,Algorithm1,0.446162
D,4,800,Algorithm1,0.495757
D,4,800,Algorithm1,0.448848
D,8,800,Algorithm1,0.276594
D,8,800,Algorithm1,0.280692
D,8,800,Algorithm1,0.279152
D,8,800,Algorithm1,0.273264
D,8,800,Algorithm1,0.277245
D,8,800,Algorithm1,0.281244
D,8,800,Algorithm1,0.285535
D,8,800,Algorithm1,0.273192
D,8,800,Algorithm1,0.288836
D,8,800,Algorithm1,0.274927
D,8,800,Algorithm1,0.275187
D,8,800,Algorithm1,0.278770
D,8,800,Algorithm1,0.274107
D,8,800,Algorithm1,0.278076
D,8,800,Algorithm1,0.276158
D,8,800,Algorithm1,0.277241
D,8,800,Algorithm1,0.280959
D,8,800,Algorithm1,0.279859
D,8,800,Algorithm1,0.282858
D,8,800,Algorithm1,0.283301
D,8,800,Algorithm1,0.282738
D,8,800,Algorithm1,0.276370
D,8,800,Algorithm1,0.280451
D,8,800,Algorithm1,0.279637
D,8,800,Algorithm1,0.273418
D,8,800,Algorithm1,0.279113
D,8,800,Algorithm1,0.277013
D,8,800,Algorithm1,0.282385
D,8,800,Algorithm1,0.275436
D,8,800,Algorithm1,0.282820
D,8,800,Algorithm1,0.286328
D,8,800,Algorithm1,0.283457
D,8,800,Algorithm1,0.281537
D,8,800,Algorithm1,0.283052
D,8,800,Algorithm1,0.276661
D,8,800,Algorithm1,0.280684
D,1,800,Algorithm2,1.792678
D,1,800,Algorithm2,1.790928
D,1,800,Algorithm2,1.881793
D,1,800,Algorithm2,1.798319
D,1,800,Algorithm2,1.800208
D,1,800,Algorithm2,1.799329
D,1,800,Algorithm2,1.812249
D,1,800,Algorithm2,1.794115
D,1,800,Algorithm2,1.782669
D,1,800,Algorithm2,1.793700
D,1,800,Algorithm2,1.808346
D,1,800,Algorithm2,1.802803
D,1,800,Algorithm2,1.802363
D,1,800,Algorithm2,1.813268
D,1,800,Algorithm2,1.791942
D,1,800,Algorithm2,1.808194
D,1,800,Algorithm2,1.797072
D,1,800,Algorithm2,1.800209
D,1,800,Algorithm2,1.791547
D,1,800,Algorithm2,1.813412
D,1,800,Algorithm2,1.789764
D,1,800,Algorithm2,1.796924
D,1,800,Algorithm2,1.809996
D,1,800,Algorithm2,1.801293
D,1,800,Algorithm2,1.793485
D,1,800,Algorithm2,1.821910
D,1,800,Algorithm2,1.789091
D,1,800,Algorithm2,1.809459
D,1,800,Algorithm2,1.797284
D,1,800,Algorithm2,1.794833
D,1,800,Algorithm2,1.817555
D,1,800,Algorithm2,1.795104
D,1,800,Algorithm2,1.790478
D,1,800,Algorithm2,1.795650
D,1,800,Algorithm2,1.810889
D,1,800,Algorithm2,1.788320
D,2,800,Algorithm2,0.903013
D,2,800,Algorithm2,0.909137
D,2,800,Algorithm2,0.913896
D,2,800,Algorithm2,0.908022
D,2,800,Algorithm2,0.909860
D,2,800,Algorithm2,0.903621
D,2,800,Algorithm2,0.898667
D,2,800,Algorithm2,0.899562
D,2,800,Algorithm2,0.910233
D,2,800,Algorithm2,0.909009
D,2,800,Algorithm2,0.912223
D,2,800,Algorithm2,0.906121
D,2,800,Algorithm2,0.907591
D,2,800,Algorithm2,0.913191
D,2,800,Algorithm2,0.907609
D,2,800,Algorithm2,0.912628
D,2,800,Algorithm2,0.909253
D,2,800,Algorithm2,0.902831
D,2,800,Algorithm2,0.905767
D,2,800,Algorithm2,0.911416
D,2,800,Algorithm2,0.910904
D,2,800,Algorithm2,0.899437
D,2,800,Algorithm2,0.940796
D,2,800,Algorithm2,0.903775
D,2,800,Algorithm2,0.908230
D,2,800,Algorithm2,0.908100
D,2,800,Algorithm2,0.907824
D,2,800,Algorithm2,0.903206
D,2,800,Algorithm2,0.902066
D,2,800,Algorithm2,0.907619
D,2,800,Algorithm2,0.907560
D,2,800,Algorithm2,0.901958
D,2,800,Algorithm2,0.897985
D,2,800,Algorithm2,0.898196
D,2,800,Algorithm2,1.083470
D,2,800,Algorithm2,0.908351
D,4,800,Algorithm2,0.454050
D,4,800,Algorithm2,0.473513
D,4,800,Algorithm2,0.453959
D,4,800,Algorithm2,0.457261
D,4,800,Algorithm2,0.455442
D,4,800,Algorithm2,0.454325
D,4,800,Algorithm2,0.456378
D,4,800,Algorithm2,0.456754
D,4,800,Algorithm2,0.453781
D,4,800,Algorithm2,0.455229
D,4,800,Algorithm2,0.456517
D,4,800,Algorithm2,0.456328
D,4,800,Algorithm2,0.454888
D,4,800,Algorithm2,0.456387
D,4,800,Algorithm2,0.456085
D,4,800,Algorithm2,0.455120
D,4,800,Algorithm2,0.455600
D,4,800,Algorithm2,0.455103
D,4,800,Algorithm2,0.454222
D,4,800,Algorithm2,0.456751
D,4,800,Algorithm2,0.452535
D,4,800,Algorithm2,0.456088
D,4,800,Algorithm2,0.461212
D,4,800,Algorithm2,0.454206
D,4,800,Algorithm2,0.466535
D,4,800,Algorithm2,0.456034
D,4,800,Algorithm2,0.455689
D,4,800,Algorithm2,0.455339
D,4,800,Algorithm2,0.456745
D,4,800,Algorithm2,0.454772
D,4,800,Algorithm2,0.455075
D,4,800,Algorithm2,0.453942
D,4,800,Algorithm2,0.456055
D,4,800,Algorithm2,0.455648
D,4,800,Algorithm2,0.456598
D,4,800,Algorithm2,0.456218
D,8,800,Algorithm2,0.245646
D,8,800,Algorithm2,0.246480
D,8,800,Algorithm2,0.245843
D,8,800,Algorithm2,0.246462
D,8,800,Algorithm2,0.245426
D,8,800,Algorithm2,0.249174
D,8,800,Algorithm2,0.245464
D,8,800,Algorithm2,0.248676
D,8,800,Algorithm2,0.245570
D,8,800,Algorithm2,0.243889
D,8,800,Algorithm2,0.242049
D,8,800,Algorithm2,0.247701
D,8,800,Algorithm2,0.245595
D,8,800,Algorithm2,0.245907
D,8,800,Algorithm2,0.247000
D,8,800,Algorithm2,0.246395
D,8,800,Algorithm2,0.247952
D,8,800,Algorithm2,0.245922
D,8,800,Algorithm2,0.242583
D,8,800,Algorithm2,0.240683
D,8,800,Algorithm2,0.241887
D,8,800,Algorithm2,0.245702
D,8,800,Algorithm2,0.247756
D,8,800,Algorithm2,0.247517
D,8,800,Algorithm2,0.246685
D,8,800,Algorithm2,0.247943
D,8,800,Algorithm2,0.243033
D,8,800,Algorithm2,0.247661
D,8,800,Algorithm2,0.245769
D,8,800,Algorithm2,0.244627
D,8,800,Algorithm2,0.246537
D,8,800,Algorithm2,0.244657
D,8,800,Algorithm2,0.244727
D,8,800,Algorithm2,0.246602
D,8,800,Algorithm2,0.245187
D,8,800,Algorithm2,0.246982
D,1,800,Algorithm3,1.806981
D,1,800,Algorithm3,1.826475
D,1,800,Algorithm3,1.824069
D,1,800,Algorithm3,1.804407
D,1,800,Algorithm3,1.830942
D,1,800,Algorithm3,1.810083
D,1,800,Algorithm3,1.805477
D,1,800,Algorithm3,1.815982
D,1,800,Algorithm3,1.800266
D,1,800,Algorithm3,1.797839
D,1,800,Algorithm3,1.799516
D,1,800,Algorithm3,1.816863
D,1,800,Algorithm3,1.806578
D,1,800,Algorithm3,1.800239
D,1,800,Algorithm3,1.812984
D,1,800,Algorithm3,1.801731
D,1,800,Algorithm3,1.799895
D,1,800,Algorithm3,1.799024
D,1,800,Algorithm3,1.812679
D,1,800,Algorithm3,1.805305
D,1,800,Algorithm3,1.818687
D,1,800,Algorithm3,1.799548
D,1,800,Algorithm3,1.796636
D,1,800,Algorithm3,1.802838
D,1,800,Algorithm3,1.796695
D,1,800,Algorithm3,1.798603
D,1,800,Algorithm3,1.801424
D,1,800,Algorithm3,1.795428
D,1,800,Algorithm3,1.797186
D,1,800,Algorithm3,1.796241
D,1,800,Algorithm3,1.797984
D,1,800,Algorithm3,1.801750
D,1,800,Algorithm3,1.796800
D,1,800,Algorithm3,1.813646
D,1,800,Algorithm3,1.796751
D,1,800,Algorithm3,1.802035
D,2,800,Algorithm3,0.901614
D,2,800,Algorithm3,0.907308
D,2,800,Algorithm3,0.903708
D,2,800,Algorithm3,0.903026
D,2,800,Algorithm3,0.900380
D,2,800,Algorithm3,0.908138
D,2,800,Algorithm3,0.901916
D,2,800,Algorithm3,0.902250
D,2,800,Algorithm3,0.904939
D,2,800,Algorithm3,0.900836
D,2,800,Algorithm3,0.902159
D,2,800,Algorithm3,0.902802
D,2,800,Algorithm3,0.901884
D,2,800,Algorithm3,0.907628
D,2,800,Algorithm3,0.901583
D,2,800,Algorithm3,0.914862
D,2,800,Algorithm3,0.901677
D,2,800,Algorithm3,0.917163
D,2,800,Algorithm3,0.907129
D,2,800,Algorithm3,0.908147
D,2,800,Algorithm3,0.904874
D,2,800,Algorithm3,0.905999
D,2,800,Algorithm3,0.908388
D,2,800,Algorithm3,0.899451
D,2,800,Algorithm3,0.900392
D,2,800,Algorithm3,0.906121
D,2,800,Algorithm3,0.901693
D,2,800,Algorithm3,0.904709
D,2,800,Algorithm3,0.902916
D,2,800,Algorithm3,0.901848
D,2,800,Algorithm3,0.900617
D,2,800,Algorithm3,0.906343
D,2,800,Algorithm3,0.901632
D,2,800,Algorithm3,0.903712
D,2,800,Algorithm3,0.903881
D,2,800,Algorithm3,0.906126
D,4,800,Algorithm3,0.453597
D,4,800,Algorithm3,0.453510
D,4,800,Algorithm3,0.453437
D,4,800,Algorithm3,0.451658
D,4,800,Algorithm3,0.452673
D,4,800,Algorithm3,0.452648
D,4,800,Algorithm3,0.454015
D,4,800,Algorithm3,0.452730
D,4,800,Algorithm3,0.454679
D,4,800,Algorithm3,0.452703
D,4,800,Algorithm3,0.454568
D,4,800,Algorithm3,0.458150
D,4,800,Algorithm3,0.455288
D,4,800,Algorithm3,0.454744
D,4,800,Algorithm3,0.453908
D,4,800,Algorithm3,0.453205
D,4,800,Algorithm3,0.453308
D,4,800,Algorithm3,0.454097
D,4,800,Algorithm3,0.454201
D,4,800,Algorithm3,0.455007
D,4,800,Algorithm3,0.487135
D,4,800,Algorithm3,0.462038
D,4,800,Algorithm3,0.453709
D,4,800,Algorithm3,0.452803
D,4,800,Algorithm3,0.452781
D,4,800,Algorithm3,0.453024
D,4,800,Algorithm3,0.452653
D,4,800,Algorithm3,0.452808
D,4,800,Algorithm3,0.453275
D,4,800,Algorithm3,0.454239
D,4,800,Algorithm3,0.456529
D,4,800,Algorithm3,0.455406
D,4,800,Algorithm3,0.455215
D,4,800,Algorithm3,0.452259
D,4,800,Algorithm3,0.455573
D,4,800,Algorithm3,0.455017
D,8,800,Algorithm3,0.367965
D,8,800,Algorithm3,0.370425
D,8,800,Algorithm3,0.369098
D,8,800,Algorithm3,0.366302
D,8,800,Algorithm3,0.369566
D,8,800,Algorithm3,0.374104
D,8,800,Algorithm3,0.369883
D,8,800,Algorithm3,0.371521
D,8,800,Algorithm3,0.373706
D,8,800,Algorithm3,0.368811
D,8,800,Algorithm3,0.365172
D,8,800,Algorithm3,0.374399
D,8,800,Algorithm3,0.365091
D,8,800,Algorithm3,0.365243
D,8,800,Algorithm3,0.370298
D,8,800,Algorithm3,0.369528
D,8,800,Algorithm3,0.371146
D,8,800,Algorithm3,0.369461
D,8,800,Algorithm3,0.371212
D,8,800,Algorithm3,0.369493
D,8,800,Algorithm3,0.373672
D,8,800,Algorithm3,0.371902
D,8,800,Algorithm3,0.372465
D,8,800,Algorithm3,0.372337
D,8,800,Algorithm3,0.371561
D,8,800,Algorithm3,0.370019
D,8,800,Algorithm3,0.371948
D,8,800,Algorithm3,0.372562
D,8,800,Algorithm3,0.371419
D,8,800,Algorithm3,0.372919
D,8,800,Algorithm3,0.372438
D,8,800,Algorithm3,0.370455
D,8,800,Algorithm3,0.373626
D,8,800,Algorithm3,0.368169
D,8,800,Algorithm3,0.378529
D,8,800,Algorithm3,0.370841
D,1,1600,Algorithm1,17.744774
D,1,1600,Algorithm1,18.337353
D,1,1600,Algorithm1,17.772283
D,1,1600,Algorithm1,17.914803
D,1,1600,Algorithm1,17.842576
D,1,1600,Algorithm1,17.931432
D,1,1600,Algorithm1,17.898224
D,1,1600,Algorithm1,18.142425
D,1,1600,Algorithm1,18.167743
D,1,1600,Algorithm1,18.263448
D,1,1600,Algorithm1,18.033898
D,1,1600,Algorithm1,18.058506
D,1,1600,Algorithm1,17.949915
D,1,1600,Algorithm1,18.753112
D,1,1600,Algorithm1,18.056568
D,1,1600,Algorithm1,18.023606
D,1,1600,Algorithm1,18.002117
D,1,1600,Algorithm1,18.172514
D,1,1600,Algorithm1,18.148126
D,1,1600,Algorithm1,18.336259
D,1,1600,Algorithm1,18.163368
D,1,1600,Algorithm1,18.405489
D,1,1600,Algorithm1,18.284316
D,1,1600,Algorithm1,18.022765
D,1,1600,Algorithm1,18.161217
D,1,1600,Algorithm1,18.182672
D,1,1600,Algorithm1,18.023513
D,1,1600,Algorithm1,18.127590
D,1,1600,Algorithm1,18.094653
D,1,1600,Algorithm1,18.217696
D,1,1600,Algorithm1,18.526125
D,1,1600,Algorithm1,18.190830
D,1,1600,Algorithm1,18.209737
D,1,1600,Algorithm1,18.356687
D,1,1600,Algorithm1,18.123465
D,1,1600,Algorithm1,18.195381
D,2,1600,Algorithm1,8.320330
D,2,1600,Algorithm1,8.465398
D,2,1600,Algorithm1,8.357794
D,2,1600,Algorithm1,8.331146
D,2,1600,Algorithm1,8.373580
D,2,1600,Algorithm1,8.370344
D,2,1600,Algorithm1,8.336232
D,2,1600,Algorithm1,8.424929
D,2,1600,Algorithm1,8.408544
D,2,1600,Algorithm1,8.311065
D,2,1600,Algorithm1,8.329191
D,2,1600,Algorithm1,8.502801
D,2,1600,Algorithm1,8.301178
D,2,1600,Algorithm1,8.315388
D,2,1600,Algorithm1,8.303895
D,2,1600,Algorithm1,8.351774
D,2,1600,Algorithm1,8.349100
D,2,1600,Algorithm1,9.400666
D,2,1600,Algorithm1,9.314555
D,2,1600,Algorithm1,9.343335
D,2,1600,Algorithm1,9.292137
D,2,1600,Algorithm1,8.374733
D,2,1600,Algorithm1,9.235849
D,2,1600,Algorithm1,9.343275
D,2,1600,Algorithm1,9.261802
D,2,1600,Algorithm1,9.246663
D,2,1600,Algorithm1,8.551962
D,2,1600,Algorithm1,9.650979
D,2,1600,Algorithm1,9.484683
D,2,1600,Algorithm1,8.408346
D,2,1600,Algorithm1,9.257226
D,2,1600,Algorithm1,9.383470
D,2,1600,Algorithm1,8.348529
D,2,1600,Algorithm1,8.395111
D,2,1600,Algorithm1,8.328881
D,2,1600,Algorithm1,9.645100
D,4,1600,Algorithm1,4.758210
D,4,1600,Algorithm1,4.746188
D,4,1600,Algorithm1,4.736871
D,4,1600,Algorithm1,4.729064
D,4,1600,Algorithm1,4.701218
D,4,1600,Algorithm1,4.732565
D,4,1600,Algorithm1,4.705947
D,4,1600,Algorithm1,4.680453
D,4,1600,Algorithm1,4.683283
D,4,1600,Algorithm1,4.784287
D,4,1600,Algorithm1,4.759561
D,4,1600,Algorithm1,4.704124
D,4,1600,Algorithm1,4.646505
D,4,1600,Algorithm1,4.756325
D,4,1600,Algorithm1,4.680854
D,4,1600,Algorithm1,4.708099
D,4,1600,Algorithm1,4.710577
D,4,1600,Algorithm1,4.689592
D,4,1600,Algorithm1,4.672715
D,4,1600,Algorithm1,4.731432
D,4,1600,Algorithm1,4.690816
D,4,1600,Algorithm1,4.710965
D,4,1600,Algorithm1,4.672181
D,4,1600,Algorithm1,4.682932
D,4,1600,Algorithm1,4.692233
D,4,1600,Algorithm1,4.679399
D,4,1600,Algorithm1,4.691502
D,4,1600,Algorithm1,4.719738
D,4,1600,Algorithm1,4.772261
D,4,1600,Algorithm1,4.764537
D,4,1600,Algorithm1,4.737309
D,4,1600,Algorithm1,4.715363
D,4,1600,Algorithm1,4.685145
D,4,1600,Algorithm1,4.898879
D,4,1600,Algorithm1,4.882534
D,4,1600,Algorithm1,4.803813
D,8,1600,Algorithm1,5.378001
D,8,1600,Algorithm1,5.416854
D,8,1600,Algorithm1,5.457840
D,8,1600,Algorithm1,5.541765
D,8,1600,Algorithm1,5.516078
D,8,1600,Algorithm1,5.414432
D,8,1600,Algorithm1,5.412598
D,8,1600,Algorithm1,5.429943
D,8,1600,Algorithm1,5.426413
D,8,1600,Algorithm1,5.405247
D,8,1600,Algorithm1,5.408554
D,8,1600,Algorithm1,5.403754
D,8,1600,Algorithm1,5.410959
D,8,1600,Algorithm1,5.414284
D,8,1600,Algorithm1,5.396943
D,8,1600,Algorithm1,5.411392
D,8,1600,Algorithm1,5.402254
D,8,1600,Algorithm1,5.379033
D,8,1600,Algorithm1,5.385730
D,8,1600,Algorithm1,5.432796
D,8,1600,Algorithm1,5.390318
D,8,1600,Algorithm1,5.383072
D,8,1600,Algorithm1,5.385007
D,8,1600,Algorithm1,5.375934
D,8,1600,Algorithm1,5.349068
D,8,1600,Algorithm1,5.361155
D,8,1600,Algorithm1,5.355130
D,8,1600,Algorithm1,5.407863
D,8,1600,Algorithm1,5.376361
D,8,1600,Algorithm1,5.354259
D,8,1600,Algorithm1,5.418069
D,8,1600,Algorithm1,5.383163
D,8,1600,Algorithm1,5.380325
D,8,1600,Algorithm1,5.394768
D,8,1600,Algorithm1,5.435229
D,8,1600,Algorithm1,5.421562
D,1,1600,Algorithm2,14.428875
D,1,1600,Algorithm2,14.454110
D,1,1600,Algorithm2,14.526835
D,1,1600,Algorithm2,14.924284
D,1,1600,Algorithm2,14.487518
D,1,1600,Algorithm2,14.612258
D,1,1600,Algorithm2,14.466088
D,1,1600,Algorithm2,14.489798
D,1,1600,Algorithm2,14.961285
D,1,1600,Algorithm2,14.462181
D,1,1600,Algorithm2,14.475178
D,1,1600,Algorithm2,14.583002
D,1,1600,Algorithm2,14.446089
D,1,1600,Algorithm2,14.793266
D,1,1600,Algorithm2,14.489680
D,1,1600,Algorithm2,14.454957
D,1,1600,Algorithm2,14.410052
D,1,1600,Algorithm2,14.412987
D,1,1600,Algorithm2,14.526249
D,1,1600,Algorithm2,14.540395
D,1,1600,Algorithm2,14.604728
D,1,1600,Algorithm2,14.501422
D,1,1600,Algorithm2,14.492208
D,1,1600,Algorithm2,14.513193
D,1,1600,Algorithm2,14.425882
D,1,1600,Algorithm2,14.523912
D,1,1600,Algorithm2,14.495962
D,1,1600,Algorithm2,14.438152
D,1,1600,Algorithm2,14.465889
D,1,1600,Algorithm2,14.476866
D,1,1600,Algorithm2,14.750406
D,1,1600,Algorithm2,14.429349
D,1,1600,Algorithm2,14.430343
D,1,1600,Algorithm2,14.460277
D,1,1600,Algorithm2,14.472069
D,1,1600,Algorithm2,14.732880
D,2,1600,Algorithm2,7.479137
D,2,1600,Algorithm2,7.570503
D,2,1600,Algorithm2,7.285802
D,2,1600,Algorithm2,7.530159
D,2,1600,Algorithm2,7.278680
D,2,1600,Algorithm2,7.310003
D,2,1600,Algorithm2,7.316719
D,2,1600,Algorithm2,7.406059
D,2,1600,Algorithm2,7.328434
D,2,1600,Algorithm2,7.341771
D,2,1600,Algorithm2,7.304861
D,2,1600,Algorithm2,7.514119
D,2,1600,Algorithm2,7.367180
D,2,1600,Algorithm2,7.271014
D,2,1600,Algorithm2,7.282437
D,2,1600,Algorithm2,7.406479
D,2,1600,Algorithm2,7.268421
D,2,1600,Algorithm2,7.322984
D,2,1600,Algorithm2,7.421985
D,2,1600,Algorithm2,7.491012
D,2,1600,Algorithm2,8.066146
D,2,1600,Algorithm2,7.450565
D,2,1600,Algorithm2,7.224613
D,2,1600,Algorithm2,7.374905
D,2,1600,Algorithm2,7.535434
D,2,1600,Algorithm2,7.296093
D,2,1600,Algorithm2,7.318555
D,2,1600,Algorithm2,8.631499
D,2,1600,Algorithm2,7.270603
D,2,1600,Algorithm2,7.599421
D,2,1600,Algorithm2,7.299831
D,2,1600,Algorithm2,7.340574
D,2,1600,Algorithm2,7.316492
D,2,1600,Algorithm2,7.271876
D,2,1600,Algorithm2,7.285959
D,2,1600,Algorithm2,7.319773
D,4,1600,Algorithm2,3.857981
D,4,1600,Algorithm2,3.706245
D,4,1600,Algorithm2,3.724336
D,4,1600,Algorithm2,3.760174
D,4,1600,Algorithm2,3.953399
D,4,1600,Algorithm2,3.656976
D,4,1600,Algorithm2,3.749149
D,4,1600,Algorithm2,3.810678
D,4,1600,Algorithm2,3.659621
D,4,1600,Algorithm2,3.696435
D,4,1600,Algorithm2,3.716488
D,4,1600,Algorithm2,3.815481
D,4,1600,Algorithm2,3.653263
D,4,1600,Algorithm2,4.295804
D,4,1600,Algorithm2,4.018259
D,4,1600,Algorithm2,3.734140
D,4,1600,Algorithm2,3.661726
D,4,1600,Algorithm2,3.766343
D,4,1600,Algorithm2,3.842311
D,4,1600,Algorithm2,3.655906
D,4,1600,Algorithm2,3.864246
D,4,1600,Algorithm2,3.666925
D,4,1600,Algorithm2,3.723952
D,4,1600,Algorithm2,3.668092
D,4,1600,Algorithm2,3.642240
D,4,1600,Algorithm2,3.712388
D,4,1600,Algorithm2,3.745414
D,4,1600,Algorithm2,3.770543
D,4,1600,Algorithm2,3.654567
D,4,1600,Algorithm2,3.746459
D,4,1600,Algorithm2,3.683530
D,4,1600,Algorithm2,3.709095
D,4,1600,Algorithm2,3.655270
D,4,1600,Algorithm2,3.665232
D,4,1600,Algorithm2,3.685551
D,4,1600,Algorithm2,3.728266
D,8,1600,Algorithm2,1.944451
D,8,1600,Algorithm2,1.974880
D,8,1600,Algorithm2,1.983247
D,8,1600,Algorithm2,1.964673
D,8,1600,Algorithm2,1.992850
D,8,1600,Algorithm2,1.952869
D,8,1600,Algorithm2,1.975312
D,8,1600,Algorithm2,1.983112
D,8,1600,Algorithm2,1.951316
D,8,1600,Algorithm2,1.970433
D,8,1600,Algorithm2,1.980868
D,8,1600,Algorithm2,1.986734
D,8,1600,Algorithm2,1.965799
D,8,1600,Algorithm2,1.974321
D,8,1600,Algorithm2,1.969919
D,8,1600,Algorithm2,1.977639
D,8,1600,Algorithm2,1.961679
D,8,1600,Algorithm2,1.960029
D,8,1600,Algorithm2,1.969719
D,8,1600,Algorithm2,1.966700
D,8,1600,Algorithm2,1.972989
D,8,1600,Algorithm2,1.967752
D,8,1600,Algorithm2,1.981507
D,8,1600,Algorithm2,1.965671
D,8,1600,Algorithm2,1.955771
D,8,1600,Algorithm2,1.941170
D,8,1600,Algorithm2,1.944373
D,8,1600,Algorithm2,1.964454
D,8,1600,Algorithm2,1.976869
D,8,1600,Algorithm2,1.944362
D,8,1600,Algorithm2,1.956258
D,8,1600,Algorithm2,1.963933
D,8,1600,Algorithm2,1.949967
D,8,1600,Algorithm2,1.965608
D,8,1600,Algorithm2,1.972057
D,8,1600,Algorithm2,1.972335
D,1,1600,Algorithm3,25.515428
D,1,1600,Algorithm3,25.730166
D,1,1600,Algorithm3,25.710008
D,1,1600,Algorithm3,25.729251
D,1,1600,Algorithm3,25.526053
D,1,1600,Algorithm3,25.663961
D,1,1600,Algorithm3,25.734284
D,1,1600,Algorithm3,25.829941
D,1,1600,Algorithm3,25.608128
D,1,1600,Algorithm3,25.873787
D,1,1600,Algorithm3,25.569023
D,1,1600,Algorithm3,25.630713
D,1,1600,Algorithm3,26.002742
D,1,1600,Algorithm3,25.869780
D,1,1600,Algorithm3,25.846096
D,1,1600,Algorithm3,25.709241
D,1,1600,Algorithm3,25.877575
D,1,1600,Algorithm3,25.802354
D,1,1600,Algorithm3,25.500493
D,1,1600,Algorithm3,26.016259
D,1,1600,Algorithm3,25.674547
D,1,1600,Algorithm3,25.527384
D,1,1600,Algorithm3,25.803887
D,1,1600,Algorithm3,25.958131
D,1,1600,Algorithm3,25.780981
D,1,1600,Algorithm3,25.649055
D,1,1600,Algorithm3,25.759374
D,1,1600,Algorithm3,25.507917
D,1,1600,Algorithm3,25.520316
D,1,1600,Algorithm3,25.618664
D,1,1600,Algorithm3,25.904578
D,1,1600,Algorithm3,25.650220
D,1,1600,Algorithm3,25.375223
D,1,1600,Algorithm3,25.757221
D,1,1600,Algorithm3,25.706943
D,1,1600,Algorithm3,25.985950
D,2,1600,Algorithm3,12.519556
D,2,1600,Algorithm3,12.248511
D,2,1600,Algorithm3,12.989758
D,2,1600,Algorithm3,12.428803
D,2,1600,Algorithm3,13.025363
D,2,1600,Algorithm3,12.340852
D,2,1600,Algorithm3,13.037552
D,2,1600,Algorithm3,12.406327
D,2,1600,Algorithm3,12.384343
D,2,1600,Algorithm3,12.264427
D,2,1600,Algorithm3,13.129796
D,2,1600,Algorithm3,12.279983
D,2,1600,Algorithm3,13.053452
D,2,1600,Algorithm3,13.051020
D,2,1600,Algorithm3,12.930261
D,2,1600,Algorithm3,12.329126
D,2,1600,Algorithm3,12.912214
D,2,1600,Algorithm3,12.396786
D,2,1600,Algorithm3,13.048041
D,2,1600,Algorithm3,13.136681
D,2,1600,Algorithm3,13.022932
D,2,1600,Algorithm3,12.217979
D,2,1600,Algorithm3,13.065277
D,2,1600,Algorithm3,12.996514
D,2,1600,Algorithm3,12.730736
D,2,1600,Algorithm3,13.059018
D,2,1600,Algorithm3,13.021028
D,2,1600,Algorithm3,13.116717
D,2,1600,Algorithm3,13.056943
D,2,1600,Algorithm3,13.032146
D,2,1600,Algorithm3,13.101632
D,2,1600,Algorithm3,13.061734
D,2,1600,Algorithm3,12.437602
D,2,1600,Algorithm3,13.097661
D,2,1600,Algorithm3,12.405099
D,2,1600,Algorithm3,12.868362
D,4,1600,Algorithm3,6.520550
D,4,1600,Algorithm3,6.645726
D,4,1600,Algorithm3,6.654014
D,4,1600,Algorithm3,6.655405
D,4,1600,Algorithm3,6.482422
D,4,1600,Algorithm3,6.577556
D,4,1600,Algorithm3,6.576459
D,4,1600,Algorithm3,6.716862
D,4,1600,Algorithm3,6.708637
D,4,1600,Algorithm3,6.533399
D,4,1600,Algorithm3,6.707528
D,4,1600,Algorithm3,6.675182
D,4,1600,Algorithm3,6.714633
D,4,1600,Algorithm3,6.691487
D,4,1600,Algorithm3,6.718609
D,4,1600,Algorithm3,6.686199
D,4,1600,Algorithm3,6.643565
D,4,1600,Algorithm3,6.620323
D,4,1600,Algorithm3,6.730696
D,4,1600,Algorithm3,6.595693
D,4,1600,Algorithm3,6.640545
D,4,1600,Algorithm3,6.548200
D,4,1600,Algorithm3,6.608958
D,4,1600,Algorithm3,6.505209
D,4,1600,Algorithm3,6.549909
D,4,1600,Algorithm3,6.529168
D,4,1600,Algorithm3,6.507749
D,4,1600,Algorithm3,6.552288
D,4,1600,Algorithm3,6.486520
D,4,1600,Algorithm3,6.495333
D,4,1600,Algorithm3,6.611823
D,4,1600,Algorithm3,6.596057
D,4,1600,Algorithm3,6.501565
D,4,1600,Algorithm3,6.567317
D,4,1600,Algorithm3,6.569915
D,4,1600,Algorithm3,6.671551
D,8,1600,Algorithm3,6.521653
D,8,1600,Algorithm3,6.642542
D,8,1600,Algorithm3,6.579088
D,8,1600,Algorithm3,6.580434
D,8,1600,Algorithm3,6.653311
D,8,1600,Algorithm3,6.545311
D,8,1600,Algorithm3,6.540426
D,8,1600,Algorithm3,6.499540
D,8,1600,Algorithm3,6.561389
D,8,1600,Algorithm3,6.564310
D,8,1600,Algorithm3,6.642015
D,8,1600,Algorithm3,6.597140
D,8,1600,Algorithm3,6.560287
D,8,1600,Algorithm3,6.585073
D,8,1600,Algorithm3,6.573309
D,8,1600,Algorithm3,6.591887
D,8,1600,Algorithm3,6.502808
D,8,1600,Algorithm3,6.594435
D,8,1600,Algorithm3,6.533631
D,8,1600,Algorithm3,6.589779
D,8,1600,Algorithm3,6.602535
D,8,1600,Algorithm3,6.617656
D,8,1600,Algorithm3,6.752789
D,8,1600,Algorithm3,6.705991
D,8,1600,Algorithm3,6.762289
D,8,1600,Algorithm3,6.770366
D,8,1600,Algorithm3,6.664790
D,8,1600,Algorithm3,6.579913
D,8,1600,Algorithm3,6.623235
D,8,1600,Algorithm3,6.780941
D,8,1600,Algorithm3,6.568780
D,8,1600,Algorithm3,6.564763
D,8,1600,Algorithm3,6.553103
D,8,1600,Algorithm3,6.550914
D,8,1600,Algorithm3,6.551966
D,8,1600,Algorithm3,6.529995
D,1,3200,Algorithm1,198.796396
D,1,3200,Algorithm1,199.495080
D,1,3200,Algorithm1,198.521946
D,1,3200,Algorithm1,199.679539
D,1,3200,Algorithm1,199.673052
D,1,3200,Algorithm1,199.480525
D,1,3200,Algorithm1,202.065675
D,1,3200,Algorithm1,198.541448
D,1,3200,Algorithm1,198.801264
D,1,3200,Algorithm1,199.550702
D,1,3200,Algorithm1,198.513264
D,1,3200,Algorithm1,199.187350
D,1,3200,Algorithm1,198.274738
D,1,3200,Algorithm1,199.355401
D,1,3200,Algorithm1,198.624519
D,1,3200,Algorithm1,200.295299
D,1,3200,Algorithm1,199.276799
D,1,3200,Algorithm1,199.074920
D,1,3200,Algorithm1,198.450819
D,1,3200,Algorithm1,199.235914
D,1,3200,Algorithm1,199.411097
D,1,3200,Algorithm1,200.329598
D,1,3200,Algorithm1,198.304802
D,1,3200,Algorithm1,199.732181
D,1,3200,Algorithm1,199.471259
D,1,3200,Algorithm1,198.874776
D,1,3200,Algorithm1,199.812251
D,1,3200,Algorithm1,199.505267
D,1,3200,Algorithm1,198.154733
D,1,3200,Algorithm1,199.351454
D,1,3200,Algorithm1,198.809176
D,1,3200,Algorithm1,199.972962
D,1,3200,Algorithm1,198.759420
D,1,3200,Algorithm1,199.768886
D,1,3200,Algorithm1,198.975218
D,1,3200,Algorithm1,198.889290
D,2,3200,Algorithm1,100.739151
D,2,3200,Algorithm1,100.609943
D,2,3200,Algorithm1,100.421196
D,2,3200,Algorithm1,100.329632
D,2,3200,Algorithm1,97.886234
D,2,3200,Algorithm1,99.830458
D,2,3200,Algorithm1,97.883490
D,2,3200,Algorithm1,99.018667
D,2,3200,Algorithm1,97.502958
D,2,3200,Algorithm1,97.506173
D,2,3200,Algorithm1,98.983391
D,2,3200,Algorithm1,100.049448
D,2,3200,Algorithm1,99.032498
D,2,3200,Algorithm1,97.231631
D,2,3200,Algorithm1,99.166863
D,2,3200,Algorithm1,100.405171
D,2,3200,Algorithm1,97.580896
D,2,3200,Algorithm1,100.039461
D,2,3200,Algorithm1,99.037843
D,2,3200,Algorithm1,100.671226
D,2,3200,Algorithm1,97.558706
D,2,3200,Algorithm1,100.351427
D,2,3200,Algorithm1,100.094342
D,2,3200,Algorithm1,99.613355
D,2,3200,Algorithm1,97.766183
D,2,3200,Algorithm1,99.759952
D,2,3200,Algorithm1,100.277930
D,2,3200,Algorithm1,97.740910
D,2,3200,Algorithm1,100.088216
D,2,3200,Algorithm1,100.130221
D,2,3200,Algorithm1,99.203892
D,2,3200,Algorithm1,100.008729
D,2,3200,Algorithm1,99.243307
D,2,3200,Algorithm1,97.714217
D,2,3200,Algorithm1,100.223302
D,2,3200,Algorithm1,100.316756
D,4,3200,Algorithm1,50.395725
D,4,3200,Algorithm1,50.148132
D,4,3200,Algorithm1,50.448374
D,4,3200,Algorithm1,50.149823
D,4,3200,Algorithm1,50.072410
D,4,3200,Algorithm1,50.047554
D,4,3200,Algorithm1,50.233579
D,4,3200,Algorithm1,50.466644
D,4,3200,Algorithm1,50.807497
D,4,3200,Algorithm1,52.519765
D,4,3200,Algorithm1,50.029422
D,4,3200,Algorithm1,50.049532
D,4,3200,Algorithm1,50.108579
D,4,3200,Algorithm1,50.209591
D,4,3200,Algorithm1,50.218970
D,4,3200,Algorithm1,50.105540
D,4,3200,Algorithm1,50.265951
D,4,3200,Algorithm1,50.466756
D,4,3200,Algorithm1,50.265017
D,4,3200,Algorithm1,50.349186
D,4,3200,Algorithm1,50.109150
D,4,3200,Algorithm1,50.216110
D,4,3200,Algorithm1,50.406623
D,4,3200,Algorithm1,50.106613
D,4,3200,Algorithm1,50.055702
D,4,3200,Algorithm1,50.312950
D,4,3200,Algorithm1,50.400179
D,4,3200,Algorithm1,49.992660
D,4,3200,Algorithm1,50.036853
D,4,3200,Algorithm1,50.060005
D,4,3200,Algorithm1,50.076075
D,4,3200,Algorithm1,50.222848
D,4,3200,Algorithm1,49.954391
D,4,3200,Algorithm1,50.446514
D,4,3200,Algorithm1,52.184758
D,4,3200,Algorithm1,50.417344
D,8,3200,Algorithm1,65.366510
D,8,3200,Algorithm1,67.447514
D,8,3200,Algorithm1,66.305003
D,8,3200,Algorithm1,67.686787
D,8,3200,Algorithm1,66.033764
D,8,3200,Algorithm1,66.878800
D,8,3200,Algorithm1,65.805134
D,8,3200,Algorithm1,68.078621
D,8,3200,Algorithm1,65.139085
D,8,3200,Algorithm1,70.779334
D,8,3200,Algorithm1,66.441993
D,8,3200,Algorithm1,66.901425
D,8,3200,Algorithm1,66.485980
D,8,3200,Algorithm1,68.117771
D,8,3200,Algorithm1,67.345547
D,8,3200,Algorithm1,64.937127
D,8,3200,Algorithm1,66.875511
D,8,3200,Algorithm1,65.680541
D,8,3200,Algorithm1,65.003776
D,8,3200,Algorithm1,65.724431
D,8,3200,Algorithm1,67.543345
D,8,3200,Algorithm1,67.258945
D,8,3200,Algorithm1,66.770275
D,8,3200,Algorithm1,66.817552
D,8,3200,Algorithm1,66.989159
D,8,3200,Algorithm1,67.095370
D,8,3200,Algorithm1,67.564305
D,8,3200,Algorithm1,65.503311
D,8,3200,Algorithm1,66.291867
D,8,3200,Algorithm1,64.526206
D,8,3200,Algorithm1,67.908175
D,8,3200,Algorithm1,68.980187
D,8,3200,Algorithm1,68.330401
D,8,3200,Algorithm1,67.970175
D,8,3200,Algorithm1,67.637242
D,8,3200,Algorithm1,66.916780
D,1,3200,Algorithm2,116.076093
D,1,3200,Algorithm2,116.627441
D,1,3200,Algorithm2,116.439930
D,1,3200,Algorithm2,116.173336
D,1,3200,Algorithm2,116.004671
D,1,3200,Algorithm2,116.633368
D,1,3200,Algorithm2,116.018450
D,1,3200,Algorithm2,116.489861
D,1,3200,Algorithm2,116.445894
D,1,3200,Algorithm2,115.819174
D,1,3200,Algorithm2,117.514805
D,1,3200,Algorithm2,117.524378
D,1,3200,Algorithm2,116.623862
D,1,3200,Algorithm2,116.102135
D,1,3200,Algorithm2,115.929973
D,1,3200,Algorithm2,117.222027
D,1,3200,Algorithm2,115.852040
D,1,3200,Algorithm2,116.028304
D,1,3200,Algorithm2,116.277609
D,1,3200,Algorithm2,115.915309
D,1,3200,Algorithm2,117.012029
D,1,3200,Algorithm2,116.732345
D,1,3200,Algorithm2,115.901676
D,1,3200,Algorithm2,116.146841
D,1,3200,Algorithm2,115.905822
D,1,3200,Algorithm2,116.043060
D,1,3200,Algorithm2,117.013328
D,1,3200,Algorithm2,116.042241
D,1,3200,Algorithm2,115.764643
D,1,3200,Algorithm2,116.044996
D,1,3200,Algorithm2,116.033121
D,1,3200,Algorithm2,115.836829
D,1,3200,Algorithm2,116.233613
D,1,3200,Algorithm2,116.631613
D,1,3200,Algorithm2,116.019255
D,1,3200,Algorithm2,116.085919
D,2,3200,Algorithm2,59.436204
D,2,3200,Algorithm2,58.412097
D,2,3200,Algorithm2,59.381070
D,2,3200,Algorithm2,59.148370
D,2,3200,Algorithm2,59.169063
D,2,3200,Algorithm2,59.061061
D,2,3200,Algorithm2,58.361244
D,2,3200,Algorithm2,58.394686
D,2,3200,Algorithm2,59.457867
D,2,3200,Algorithm2,59.170387
D,2,3200,Algorithm2,59.476248
D,2,3200,Algorithm2,59.605461
D,2,3200,Algorithm2,58.696986
D,2,3200,Algorithm2,58.910059
D,2,3200,Algorithm2,60.768266
D,2,3200,Algorithm2,58.971838
D,2,3200,Algorithm2,58.792345
D,2,3200,Algorithm2,59.839764
D,2,3200,Algorithm2,59.832048
D,2,3200,Algorithm2,58.572664
D,2,3200,Algorithm2,59.493990
D,2,3200,Algorithm2,58.830297
D,2,3200,Algorithm2,59.541029
D,2,3200,Algorithm2,59.347573
D,2,3200,Algorithm2,60.899090
D,2,3200,Algorithm2,58.732785
D,2,3200,Algorithm2,58.913736
D,2,3200,Algorithm2,59.547344
D,2,3200,Algorithm2,58.853598
D,2,3200,Algorithm2,58.475469
D,2,3200,Algorithm2,59.929246
D,2,3200,Algorithm2,58.990276
D,2,3200,Algorithm2,59.179456
D,2,3200,Algorithm2,59.659047
D,2,3200,Algorithm2,59.021328
D,2,3200,Algorithm2,58.981121
D,4,3200,Algorithm2,29.908036
D,4,3200,Algorithm2,30.238694
D,4,3200,Algorithm2,29.618712
D,4,3200,Algorithm2,29.943455
D,4,3200,Algorithm2,29.654670
D,4,3200,Algorithm2,29.658415
D,4,3200,Algorithm2,29.779322
D,4,3200,Algorithm2,30.255841
D,4,3200,Algorithm2,29.980027
D,4,3200,Algorithm2,30.107908
D,4,3200,Algorithm2,29.580936
D,4,3200,Algorithm2,30.559408
D,4,3200,Algorithm2,29.547971
D,4,3200,Algorithm2,29.668239
D,4,3200,Algorithm2,30.551308
D,4,3200,Algorithm2,30.698934
D,4,3200,Algorithm2,29.559430
D,4,3200,Algorithm2,29.672819
D,4,3200,Algorithm2,29.740893
D,4,3200,Algorithm2,29.865497
D,4,3200,Algorithm2,29.927004
D,4,3200,Algorithm2,30.801343
D,4,3200,Algorithm2,29.672597
D,4,3200,Algorithm2,29.391806
D,4,3200,Algorithm2,29.575973
D,4,3200,Algorithm2,29.611713
D,4,3200,Algorithm2,29.413598
D,4,3200,Algorithm2,29.775733
D,4,3200,Algorithm2,29.468918
D,4,3200,Algorithm2,29.404353
D,4,3200,Algorithm2,30.055446
D,4,3200,Algorithm2,30.177508
D,4,3200,Algorithm2,29.322878
D,4,3200,Algorithm2,29.911332
D,4,3200,Algorithm2,30.128424
D,4,3200,Algorithm2,29.501764
D,8,3200,Algorithm2,15.671015
D,8,3200,Algorithm2,15.731529
D,8,3200,Algorithm2,15.725209
D,8,3200,Algorithm2,15.644924
D,8,3200,Algorithm2,15.709693
D,8,3200,Algorithm2,15.634135
D,8,3200,Algorithm2,15.652278
D,8,3200,Algorithm2,15.700618
D,8,3200,Algorithm2,15.826986
D,8,3200,Algorithm2,15.806760
D,8,3200,Algorithm2,15.699686
D,8,3200,Algorithm2,15.759698
D,8,3200,Algorithm2,15.714938
D,8,3200,Algorithm2,15.595672
D,8,3200,Algorithm2,15.816593
D,8,3200,Algorithm2,15.768173
D,8,3200,Algorithm2,15.540967
D,8,3200,Algorithm2,15.890364
D,8,3200,Algorithm2,15.597526
D,8,3200,Algorithm2,15.805003
D,8,3200,Algorithm2,15.620520
D,8,3200,Algorithm2,15.797496
D,8,3200,Algorithm2,15.712390
D,8,3200,Algorithm2,15.655774
D,8,3200,Algorithm2,15.763574
D,8,3200,Algorithm2,15.790712
D,8,3200,Algorithm2,15.596733
D,8,3200,Algorithm2,15.558850
D,8,3200,Algorithm2,15.666159
D,8,3200,Algorithm2,15.600330
D,8,3200,Algorithm2,15.810412
D,8,3200,Algorithm2,15.565884
D,8,3200,Algorithm2,16.085001
D,8,3200,Algorithm2,15.843950
D,8,3200,Algorithm2,15.761259
D,8,3200,Algorithm2,15.770886
D,1,3200,Algorithm3,260.098568
D,1,3200,Algorithm3,259.948698
D,1,3200,Algorithm3,259.546250
D,1,3200,Algorithm3,259.452494
D,1,3200,Algorithm3,260.183958
D,1,3200,Algorithm3,260.147401
D,1,3200,Algorithm3,258.785181
D,1,3200,Algorithm3,260.023961
D,1,3200,Algorithm3,259.026475
D,1,3200,Algorithm3,259.645535
D,1,3200,Algorithm3,258.684893
D,1,3200,Algorithm3,258.506325
D,1,3200,Algorithm3,258.877040
D,1,3200,Algorithm3,259.378519
D,1,3200,Algorithm3,259.915036
D,1,3200,Algorithm3,259.504772
D,1,3200,Algorithm3,260.240475
D,1,3200,Algorithm3,258.973388
D,1,3200,Algorithm3,260.892571
D,1,3200,Algorithm3,258.987197
D,1,3200,Algorithm3,258.797768
D,1,3200,Algorithm3,257.991401
D,1,3200,Algorithm3,259.950392
D,1,3200,Algorithm3,259.076437
D,1,3200,Algorithm3,260.492778
D,1,3200,Algorithm3,259.585576
D,1,3200,Algorithm3,259.169947
D,1,3200,Algorithm3,260.216453
D,1,3200,Algorithm3,259.077609
D,1,3200,Algorithm3,260.664584
D,1,3200,Algorithm3,260.075934
D,1,3200,Algorithm3,260.224145
D,1,3200,Algorithm3,259.866997
D,1,3200,Algorithm3,260.810489
D,1,3200,Algorithm3,259.592466
D,1,3200,Algorithm3,259.736470
D,2,3200,Algorithm3,130.276522
D,2,3200,Algorithm3,130.290643
D,2,3200,Algorithm3,130.621134
D,2,3200,Algorithm3,130.560261
D,2,3200,Algorithm3,130.520134
D,2,3200,Algorithm3,130.334336
D,2,3200,Algorithm3,130.430493
D,2,3200,Algorithm3,130.540765
D,2,3200,Algorithm3,130.391094
D,2,3200,Algorithm3,130.895987
D,2,3200,Algorithm3,130.016556
D,2,3200,Algorithm3,130.646514
D,2,3200,Algorithm3,129.852984
D,2,3200,Algorithm3,130.281053
D,2,3200,Algorithm3,129.947131
D,2,3200,Algorithm3,130.150664
D,2,3200,Algorithm3,129.976507
D,2,3200,Algorithm3,129.607744
D,2,3200,Algorithm3,129.895078
D,2,3200,Algorithm3,130.485826
D,2,3200,Algorithm3,130.323980
D,2,3200,Algorithm3,129.913839
D,2,3200,Algorithm3,130.486404
D,2,3200,Algorithm3,129.931994
D,2,3200,Algorithm3,129.705352
D,2,3200,Algorithm3,129.702493
D,2,3200,Algorithm3,129.571386
D,2,3200,Algorithm3,130.047605
D,2,3200,Algorithm3,129.853615
D,2,3200,Algorithm3,130.165592
D,2,3200,Algorithm3,130.167580
D,2,3200,Algorithm3,130.253978
D,2,3200,Algorithm3,130.068258
D,2,3200,Algorithm3,129.729654
D,2,3200,Algorithm3,130.032517
D,2,3200,Algorithm3,129.789616
D,4,3200,Algorithm3,65.566459
D,4,3200,Algorithm3,65.735405
D,4,3200,Algorithm3,65.648370
D,4,3200,Algorithm3,65.985952
D,4,3200,Algorithm3,65.933672
D,4,3200,Algorithm3,65.477194
D,4,3200,Algorithm3,65.630395
D,4,3200,Algorithm3,65.620694
D,4,3200,Algorithm3,65.591078
D,4,3200,Algorithm3,65.519571
D,4,3200,Algorithm3,65.629720
D,4,3200,Algorithm3,65.553077
D,4,3200,Algorithm3,65.651727
D,4,3200,Algorithm3,65.632176
D,4,3200,Algorithm3,65.640734
D,4,3200,Algorithm3,65.881880
D,4,3200,Algorithm3,65.829881
D,4,3200,Algorithm3,65.456304
D,4,3200,Algorithm3,65.679394
D,4,3200,Algorithm3,65.575526
D,4,3200,Algorithm3,65.394578
D,4,3200,Algorithm3,65.650450
D,4,3200,Algorithm3,65.585918
D,4,3200,Algorithm3,65.508580
D,4,3200,Algorithm3,66.076648
D,4,3200,Algorithm3,65.721098
D,4,3200,Algorithm3,65.942784
D,4,3200,Algorithm3,66.045438
D,4,3200,Algorithm3,66.084198
D,4,3200,Algorithm3,66.099799
D,4,3200,Algorithm3,65.920928
D,4,3200,Algorithm3,65.899129
D,4,3200,Algorithm3,65.588509
D,4,3200,Algorithm3,65.769973
D,4,3200,Algorithm3,65.764095
D,4,3200,Algorithm3,65.596558
D,8,3200,Algorithm3,67.544500
D,8,3200,Algorithm3,65.580782
D,8,3200,Algorithm3,65.926432
D,8,3200,Algorithm3,67.204189
D,8,3200,Algorithm3,77.150998
D,8,3200,Algorithm3,77.108768
D,8,3200,Algorithm3,69.086267
D,8,3200,Algorithm3,69.082737
D,8,3200,Algorithm3,69.357787
D,8,3200,Algorithm3,75.532860
D,8,3200,Algorithm3,77.368871
D,8,3200,Algorithm3,73.787314
D,8,3200,Algorithm3,64.929745
D,8,3200,Algorithm3,71.135271
D,8,3200,Algorithm3,65.696927
D,8,3200,Algorithm3,71.793528
D,8,3200,Algorithm3,69.359296
D,8,3200,Algorithm3,65.578894
D,8,3200,Algorithm3,74.002589
D,8,3200,Algorithm3,66.130546
D,8,3200,Algorithm3,76.691546
D,8,3200,Algorithm3,77.949456
D,8,3200,Algorithm3,81.719290
D,8,3200,Algorithm3,71.772336
D,8,3200,Algorithm3,69.877477
D,8,3200,Algorithm3,66.039281
D,8,3200,Algorithm3,71.342895
D,8,3200,Algorithm3,67.085270
D,8,3200,Algorithm3,72.348208
D,8,3200,Algorithm3,69.829192
D,8,3200,Algorithm3,77.925271
D,8,3200,Algorithm3,67.360147
D,8,3200,Algorithm3,71.076144
D,8,3200,Algorithm3,67.586764
D,8,3200,Algorithm3,68.091901
D,8,3200,Algorithm3,71.427829
